Type,Additional_Tag,Series,PLN,Image_URL,ID,Make,Model,BodyStyle,Powertrain,EngineConfig,Displacement_L,Battery_kWh,Power_hp,Torque_Nm,Transmission,Gears,DriveType,Accel_0_100_kmh_s,TopSpeed_kmh,Length_mm,Width_mm,Height_mm,Wheelbase_mm,CurbWeight_kg,Seats,FuelTank_L_or_Battery_kWh,Cargo_L,WheelSize_in,TireSize,FrontSuspension,RearSuspension,FrontBrakes,RearBrakes,Model_Family,Body_Type,Variant,Segment,Data_Completeness
SUV,Oferta,X7,Od 535 000 zł,https://prod.cosy.bmw.cloud/bmwweb/cosySec?COSY-EU-100-7331cqgv2Z7d%25i02uCaY3MuO2kdGmT35sgXA9bQq10tfnZ1oEiyCIbH8aGDmIqQmSTKL6ifG70qbX0x1RCzPhe00JkyyXqcfbYZ9Whc91kUrOpTSXB3GZ5gscCZ6B4Mrt3mFILoub0TmvayRCzjlCO2kOHUtWPfbYfFd1v10tq3D%25eqxWAbbH82LARzL1b%25IC672yzH3OYgMTNIcmmlD9Uwmu1R7Gq3A89RbfKYmUrOpQhRVAfoUMA8ZobMsayjnt61agOybyxKnvIT9T8lO2B3i3axIjedwduZBDMztiD5eqhk7wXMMLoACtcGhJHFl7Ltou%25KXC17HSfWQlEW%25V1Pa2ZsfNEbnjhr10s9ODo6E4riIqH0scZwBLGYrxRteJESZ857MulIRUgChZD75GvloReCgp2XH5MGv6jQ%25gZk2YDafvR6jmqn12VbDyLOEjZKqTJIsDRzL3uBrqAVJdSeZL%25tuzVMRJfsSkNh5uHVVA0ogSx5NF4HvVAo0Kc%252Ny04WxfjR6KcP81D5w1xbUEqgty89GsLv79UiprJ2CAGw6Zujl5ptYRSDUH67m5Vd49YCygNzaUmlTv0kn%25yX324AO1TQdjcFs73azDxKe6dnkq8WKJzOALUP%25skIFJGb7fABKup9CIFeWS6fmlKMPVYPwdWhbNmb3rPo90y9QIbHi4Tir29%25wc3wz5iftxdtkVw178z7CvtECUkClz7slGAZ9CCrXpFqtllZQ6KLAw,SUV-X7,BMW,X7,SUV,Diesel,Inline-6,3.0,,352,700,Automatic,8,AWD,5.9,245,5181,2000,1835,3105,2490,7,80.0,750,21,285/45R21,Double Wishbone,Multi-link,Vented Disc,Vented Disc,X7,SUV,Base,SUV,Partial
SUV,Oferta,X7,Od 535 000 zł,https://prod.cosy.bmw.cloud/bmwweb/cosySec?COSY-EU-100-7331cqgv2Z7d%25i02uCaY3MuO2kdGmT35sgXA9bQq10tfnZ1oEiyCIbH8aGDmIqQmSTKL6ifG70qbX0x1RCzPhe00JkyyXqcfbYZ9Whc91kUrOpTSXB3GZ5gscCZ6B4Mrt3mFILoub0TmvayRCzjlCO2kOHUtWPfbYfFd1v10tq3D%25eqxWAbbH82LARzL1b%25IC672yzH3OYgMTNIcmmlD9Uwmu1R7Gq3A89RbfKYmUrOpQhRVAfoUMA8ZobMsayjnt61agOybyxKnvIT9T8lO2B3i3axIjedwduZBDMztiD5eqhk7wXMMLoACtcGhJHFl7Ltou%25KXC17HSfWQlEW%25V1Pa2ZsfNEbnjhr10s9ODo6E4riIqH0scZwBLGYrxRteJESZ857MulIRUgChZD75GvloReCgp2XH5MGv6jQ%25gZk2YDafvR6jmqn12VbDyLOEjZKqTJIsDRzL3uBrqAVJdSeZL%25tuzVMRJfsSkNh5uHVVA0ogSx5NF4HvVAo0Kc%252Ny04WxfjR6KcP81D5w1xbUEqgty89GsLv79UiprJ2CAGw6Zujl5ptYRSDUH67m5Vd49YCygNzaUmlTv0kn%25yX324AO1TQdjcFs73azDxKe6dnkq8WKJzOALUP%25skIFJGb7fABKup9CIFeWS6fmlKMPVYPwdWhbNmb3rPo90y9QIbHi4Tir29%25wc3wz5iftxdtkVw178z7CvtECUkClz7slGAZ9CCrXpFqtllZQ6KLAw,SUV-X7,BMW,X7,SUV,Petrol,V8,4.4,,523,750,Automatic,8,AWD,4.7,250,5181,2000,1835,3105,2485,7,83.0,750,21,285/45R21,Double Wishbone,Multi-link,Vented Disc,Vented Disc,X7,SUV,Base,SUV,Partial
SUV,Oferta,X5,Od 410 000 zł,https://prod.cosy.bmw.cloud/bmwweb/cosySec?COSY-EU-100-7331cqgv2Z7d%25i02uCaY3MuO2kdGmT35sgXA9bQN10tfnZ1oEiyCIbH8aGDmIqQmSTKL6ifG70qbX0x1RCzPhe00JkyyXqcfbYZ9Whc91kUrOpTSXB3GZ5gscCZ6B4Mrt3mFILoub0TmvayRCzjlCO2kOHUtWPfbYfQJ7T10tq3D%25eqxWAbbH82LARzL1b%25IC672yzH3OYgMTNIkfmlD9Uwmu1R7Gq3A89RbfKYmUrOpQhRVAfoUMA8ZobMsayjnt61agOybyJmnvIT9PS4O2B3ibvRIjedw9hbBDMztioCeqhk7wHeMLoACRO%25hJHFl5Ixou%25KXg0KHSfWQv48%25V1Pa2oDfNEbnjQp10s9Of5bE4riI1aYscZwBEnirxRtesOcZ857Mr1TRUgChZE85GvloRLFgp2XH51zv6jQ%25gEy2YDafv3Ljmqn12vaDyLOEjk0qTJIsDoiL3uBrqH1JdSeZLhuuzVMRJ4sSkNh5ucRVA0ogSkhNF4HvrFP0Kc%252Zq84WxfjRiWcP81D50BxbUEqYeF89GsLmCNUiprJymRGw6ZuTneptYRS3FO67m5VdKtYCygNO4W,SUV-X5,BMW,X5,SUV,Diesel,Inline-6,3.0,,298,670,Automatic,8,AWD,6.1,233,4935,2004,1765,2975,2245,5,80.0,650,20,275/45R20,Double Wishbone,Multi-link,Vented Disc,Vented Disc,X5,SUV,Base,SUV,Partial
SUV,Oferta,X5,Od 410 000 zł,https://prod.cosy.bmw.cloud/bmwweb/cosySec?COSY-EU-100-7331cqgv2Z7d%25i02uCaY3MuO2kdGmT35sgXA9bQN10tfnZ1oEiyCIbH8aGDmIqQmSTKL6ifG70qbX0x1RCzPhe00JkyyXqcfbYZ9Whc91kUrOpTSXB3GZ5gscCZ6B4Mrt3mFILoub0TmvayRCzjlCO2kOHUtWPfbYfQJ7T10tq3D%25eqxWAbbH82LARzL1b%25IC672yzH3OYgMTNIkfmlD9Uwmu1R7Gq3A89RbfKYmUrOpQhRVAfoUMA8ZobMsayjnt61agOybyJmnvIT9PS4O2B3ibvRIjedw9hbBDMztioCeqhk7wHeMLoACRO%25hJHFl5Ixou%25KXg0KHSfWQv48%25V1Pa2oDfNEbnjQp10s9Of5bE4riI1aYscZwBEnirxRtesOcZ857Mr1TRUgChZE85GvloRLFgp2XH51zv6jQ%25gEy2YDafv3Ljmqn12vaDyLOEjk0qTJIsDoiL3uBrqH1JdSeZLhuuzVMRJ4sSkNh5ucRVA0ogSkhNF4HvrFP0Kc%252Zq84WxfjRiWcP81D50BxbUEqYeF89GsLmCNUiprJymRGw6ZuTneptYRS3FO67m5VdKtYCygNO4W,SUV-X5,BMW,X5,SUV,Plug-in Hybrid,Inline-6,3.0,25.7,483,700,Automatic,8,AWD,4.8,250,4935,2004,1765,2975,2445,5,69.0,500,20,275/45R20,Double Wishbone,Multi-link,Vented Disc,Vented Disc,X5,SUV,Base,SUV,Full
SUV,Oferta,X5,Od 410 000 zł,https://prod.cosy.bmw.cloud/bmwweb/cosySec?COSY-EU-100-7331cqgv2Z7d%25i02uCaY3MuO2kdGmT35sgXA9bQN10tfnZ1oEiyCIbH8aGDmIqQmSTKL6ifG70qbX0x1RCzPhe00JkyyXqcfbYZ9Whc91kUrOpTSXB3GZ5gscCZ6B4Mrt3mFILoub0TmvayRCzjlCO2kOHUtWPfbYfQJ7T10tq3D%25eqxWAbbH82LARzL1b%25IC672yzH3OYgMTNIkfmlD9Uwmu1R7Gq3A89RbfKYmUrOpQhRVAfoUMA8ZobMsayjnt61agOybyJmnvIT9PS4O2B3ibvRIjedw9hbBDMztioCeqhk7wHeMLoACRO%25hJHFl5Ixou%25KXg0KHSfWQv48%25V1Pa2oDfNEbnjQp10s9Of5bE4riI1aYscZwBEnirxRtesOcZ857Mr1TRUgChZE85GvloRLFgp2XH51zv6jQ%25gEy2YDafv3Ljmqn12vaDyLOEjk0qTJIsDoiL3uBrqH1JdSeZLhuuzVMRJ4sSkNh5ucRVA0ogSkhNF4HvrFP0Kc%252Zq84WxfjRiWcP81D50BxbUEqYeF89GsLmCNUiprJymRGw6ZuTneptYRS3FO67m5VdKtYCygNO4W,SUV-X5,BMW,X5,SUV,Petrol,Inline-6,3.0,,375,520,Automatic,8,AWD,5.3,250,4935,2004,1765,2975,2230,5,83.0,650,20,275/45R20,Double Wishbone,Multi-link,Vented Disc,Vented Disc,X5,SUV,Base,SUV,Partial
SUV,Oferta,X3,Od 263 500 zł,https://prod.cosy.bmw.cloud/bmwweb/cosySec?COSY-EU-100-7331cqgv2Z7d%25i02uCaY3MuO2kdGmT35sgXAsbDz10tfnZ1oEiyCIbH8aGDmIqQmSTKL6ifG70qbX0x1RCzPhe00JkyyXqcfbYZ9Whc91kUrOpTSXB3GZ5gscCZ6B4Mrt3mFILoub0TmvayRCzjlCO2kOHUtWPfbYfv2sd10tq3D%25eqxWAbbH82LARzL1b%25IC672yzH3OYgMTNIcomlD9Uwmu1R7Gq3A89RbfKYmUrOpQhRVAfoUMA8ZobMsayjnt61agOybyxKnvIT9T8lO2B3i3UOIjedwdn8BDMztia0eqhk7wqgMLoACtEqhJHFl7LIou%25KXC17HSfWQlER%25V1Pa2ZsfNEbnjhL10s9ODoZE4riIq49scZwBL1FrxRteJQrZ857MulfRUgChZD25GvloRedgp2XH5Mlv6jQ%25gZp2YDafvYijmqn12mIDyLOEjyBqTJIsDxgL3uBrq8TJdSeZLimuzVMRJW8SkNh5uPUVA0ogSElNF4HvV8N0Kc%252Ny04WxfjRWkcP81D5YWxbUEqgup89GsLv7XUiprJ2ChGw6ZujoeptYRSDUW67m5Vd49YCygNzK7mlTv0knGyX324AOfTQdjcFAq3azDxKo1dnkq8WwHzOALUoPXkIFJGHxXABKup%25QQFeWS6fgKKMPVY1p2WhbNmEipPo90y97kbHi4TizA9%25wc3wqSiftxdtTyw178z75qtECUkCF27slGAlK4CrXpFXsSlZQ6KQD6XRaYWgBwQ5nmPv7aagOyb2V7nvIT9jqhO2B3iDLoIjedwq2XBDMztLjoeqhk7JDUMLoACuqwhJHFlR%25m,SUV-X3,BMW,X3,SUV,Petrol,Inline-4,2.0,,248,350,Automatic,8,AWD,6.3,235,4708,1891,1676,2864,1890,5,65.0,550,19,245/50R19,Double Joint Spring,Multi-link,Vented Disc,Vented Disc,X3,SUV,Base,SUV,Partial
SUV,Oferta,X3,Od 263 500 zł,https://prod.cosy.bmw.cloud/bmwweb/cosySec?COSY-EU-100-7331cqgv2Z7d%25i02uCaY3MuO2kdGmT35sgXAsbDz10tfnZ1oEiyCIbH8aGDmIqQmSTKL6ifG70qbX0x1RCzPhe00JkyyXqcfbYZ9Whc91kUrOpTSXB3GZ5gscCZ6B4Mrt3mFILoub0TmvayRCzjlCO2kOHUtWPfbYfv2sd10tq3D%25eqxWAbbH82LARzL1b%25IC672yzH3OYgMTNIcomlD9Uwmu1R7Gq3A89RbfKYmUrOpQhRVAfoUMA8ZobMsayjnt61agOybyxKnvIT9T8lO2B3i3UOIjedwdn8BDMztia0eqhk7wqgMLoACtEqhJHFl7LIou%25KXC17HSfWQlER%25V1Pa2ZsfNEbnjhL10s9ODoZE4riIq49scZwBL1FrxRteJQrZ857MulfRUgChZD25GvloRedgp2XH5Mlv6jQ%25gZp2YDafvYijmqn12mIDyLOEjyBqTJIsDxgL3uBrq8TJdSeZLimuzVMRJW8SkNh5uPUVA0ogSElNF4HvV8N0Kc%252Ny04WxfjRWkcP81D5YWxbUEqgup89GsLv7XUiprJ2ChGw6ZujoeptYRSDUW67m5Vd49YCygNzK7mlTv0knGyX324AOfTQdjcFAq3azDxKo1dnkq8WwHzOALUoPXkIFJGHxXABKup%25QQFeWS6fgKKMPVY1p2WhbNmEipPo90y97kbHi4TizA9%25wc3wqSiftxdtTyw178z75qtECUkCF27slGAlK4CrXpFXsSlZQ6KQD6XRaYWgBwQ5nmPv7aagOyb2V7nvIT9jqhO2B3iDLoIjedwq2XBDMztLjoeqhk7JDUMLoACuqwhJHFlR%25m,SUV-X3,BMW,X3,SUV,Plug-in Hybrid,Inline-4,2.0,19.7,292,420,Automatic,8,AWD,6.1,210,4708,1891,1676,2864,2065,5,50.0,450,19,245/50R19,Strut,Multi-link,Vented Disc,Vented Disc,X3,SUV,Base,SUV,Full
SUV,Oferta,X3,Od 263 500 zł,https://prod.cosy.bmw.cloud/bmwweb/cosySec?COSY-EU-100-7331cqgv2Z7d%25i02uCaY3MuO2kdGmT35sgXAsbDz10tfnZ1oEiyCIbH8aGDmIqQmSTKL6ifG70qbX0x1RCzPhe00JkyyXqcfbYZ9Whc91kUrOpTSXB3GZ5gscCZ6B4Mrt3mFILoub0TmvayRCzjlCO2kOHUtWPfbYfv2sd10tq3D%25eqxWAbbH82LARzL1b%25IC672yzH3OYgMTNIcomlD9Uwmu1R7Gq3A89RbfKYmUrOpQhRVAfoUMA8ZobMsayjnt61agOybyxKnvIT9T8lO2B3i3UOIjedwdn8BDMztia0eqhk7wqgMLoACtEqhJHFl7LIou%25KXC17HSfWQlER%25V1Pa2ZsfNEbnjhL10s9ODoZE4riIq49scZwBL1FrxRteJQrZ857MulfRUgChZD25GvloRedgp2XH5Mlv6jQ%25gZp2YDafvYijmqn12mIDyLOEjyBqTJIsDxgL3uBrq8TJdSeZLimuzVMRJW8SkNh5uPUVA0ogSElNF4HvV8N0Kc%252Ny04WxfjRWkcP81D5YWxbUEqgup89GsLv7XUiprJ2ChGw6ZujoeptYRSDUW67m5Vd49YCygNzK7mlTv0knGyX324AOfTQdjcFAq3azDxKo1dnkq8WwHzOALUoPXkIFJGHxXABKup%25QQFeWS6fgKKMPVY1p2WhbNmEipPo90y97kbHi4TizA9%25wc3wqSiftxdtTyw178z75qtECUkCF27slGAlK4CrXpFXsSlZQ6KQD6XRaYWgBwQ5nmPv7aagOyb2V7nvIT9jqhO2B3iDLoIjedwq2XBDMztLjoeqhk7JDUMLoACuqwhJHFlR%25m,SUV-X3,BMW,X3,SUV,Diesel,Inline-4,2.0,,190,400,Automatic,8,AWD,7.9,213,4708,1891,1676,2864,1885,5,65.0,550,19,245/50R19,Strut,Multi-link,Vented Disc,Vented Disc,X3,SUV,Base,SUV,Partial
SUV,Oferta,iX2,Od 232 500 zł,https://prod.cosy.bmw.cloud/bmwweb/cosySec?COSY-EU-100-7331cqgv2Z7d%25i02uCaY3MuO2kdGmT35sgXAebDq10tfnZ1oEiyCIbH8aGDmIqQmSTKL6ifG70qbX0x1RCzPhe00JkyyXqcfbYZ9Whc91kUrOpTSXB3GZ5gscCZ6B4Mrt3mFILoub0TmvayRCzjlCO2kOHUtWPfbYfvsUT10tq3D%25eqxWAbbH82LARzL1b%25IC672yzH3OYgMTNIk1mlD9Uwmu1R7Gq3A89RbfKYmUrOpQhRVAfoUMA8ZobMsayjnt61agOybyW0nvIT9TPTO2B3i3bXIjedwd9UBDMztzi6eqhk7kwqMLoACA5shJHFl7xpou%25KXC1YHSfWQvCU%25V1Pa2MsfNEbnjNP10s9OD%25LE4riIqp3scZwBEcSrxRtesx%25Z857MrFxRUgChZu15GvloRm3gp2XH504v6jQ%25gBq2YDafvJijmqn12cCDyLOEju5qTJIsHRSL3uBr%25ABJdSeZfq6uzVMRcsmSkNh5xWqVA0og8x%25NF4HvUmt0Kc%252w5d4WxfjtW%25cP81D7kkxbUEqCB889GsLlDMUiprJt90Gw6Zu7im,SUV-iX2,BMW,iX2,SUV,Electric,,,64.8,313,494,Single-speed,1,AWD,5.6,180,4554,1845,1560,2692,2020,5,64.8,525,19,245/45R19,Strut,Multi-link,Vented Disc,Vented Disc,iX2,SUV,Base,SUV,Partial
SUV,Oferta,iX1,Od 223 500 zł,https://prod.cosy.bmw.cloud/bmwweb/cosySec?COSY-EU-100-7331cqgv2Z7d%25i02uCaY3MuO2kdGmT35sgXAdb7a10tfnZ1oEiyCIbH8aGDmIqQmSTKL6ifG70qbX0x1RCzPhe00JkyyXqcfbYZ9Whc91kUrOpTSXB3GZ5gscCZ6B4Mrt3mFILoub0TmvayRCzjlCO2kOHUtWPfbYfGIxG10tq3D%25eqxWAbbH82LARzL1b%25IC672yzH3OYgMTNiMQmlD9Uwmu1R7Gq3A89RbfKYmUrOpQhRVAfoUMA8ZobMsayjnt61agOybyW0nvIT9PvrO2B3ibVcIjedw9hbBDMztioUeqhk7BnDMLoACe6qhJHFlMgvou%25KXhJ8HSfWQouq%25V1PaH2kfNEbn%25rM10s9OlgNE4riIXfOscZwBvhVrxRte2pfZ857Mj6ARUgChDYK5GvloqPcgp2XHLdXv6jQ%25jJr2YDafDsZjmqn1qiCDyLOELrlqTJIsJywL3uBruWh,SUV-iX1,BMW,iX1,SUV,Electric,,,64.7,308,494,Single-speed,1,AWD,5.6,180,4500,1845,1642,2692,2085,5,64.7,490,18,225/55R18,Strut,Multi-link,Vented Disc,Vented Disc,iX1,SUV,Base,SUV,Partial
Kabriolet,Oferta,M8,,https://prod.cosy.bmw.cloud/bmwweb/cosySec?COSY-EU-100-7331cqgv2Z7d%25i02uCaY3MuO2kdGmT35sgXAwthM10tfnZ1oEiyCIbH8aGDmIqQmSTKL6ifGzqIbVBnvzBLlFSrWwmfRtKV04uzHVPRdgSht9QZp2YI3w9cEiNHC8%25HrxlrjFhnOqIbq16Z%25L3hGtUD5GknXIIjAxpXNCpLIDZHPoxiCjtrb4gwTZlF9%25UBFM9YLNoKGtXABNIqab9FSrW1vNyXq2FgXAV2IguEi8shPLE4riIikascZwBw1zrxRtetysZ857MB8NRUgChe%2585GvloMD%25gp2XHhzKv6jQ%25op82YDafHLojmqn1cSJDyLOEx%25dqTJIs8vSL3uBrU2PJdSeZGqGuzVMRJDdSkNh5utTVA0ogSb5NF4HvVNA0Kc%252NUu4WxfjR6KcP81D5JGxbUEqgtE89GsLv7zUiprJ2xLGw6ZuTNPptYRS3Xx67m5VdQoYCygNza%25mlTv0k1wyX324AkETQdjcF9h3azDxKhKdnkq8h4CzOALUockkIFJGHXXABKupK9TFeWS6Wy3KMPVYPvqWhbNmbEgPo90y93JbHi4Tioj9%25wc3wHQiftxdt5a,Kabriolet-M8,BMW,M8,Cabriolet,Petrol,V8,4.4,,617,750,Automatic,8,AWD,3.3,305,4867,1907,1353,2827,2085,4,68.0,350,20,275/35R20,Double Wishbone,Multi-link,Carbon Ceramic Disc,Carbon Ceramic Disc,M8,Sedan,Base,Performance,Partial
Sedan,Oferta,M5,Od 687 500 zł,https://prod.cosy.bmw.cloud/bmwweb/cosySec?COSY-EU-100-7331cqgv2Z7d%25i02uCaY3MuO2kdGmT35sgXAeb8310tfnZ1oEiyCIbH8aGDmIqQmSTKL6ifG70qbX0x1RCzPhe00vkayXqcfbYZ9Whc91kUrOpTSXB3GZ5gscCZ6B4Mrt3mFILoub0TmvayRCzjlCO2kOHUtWPfbYf7SU010tq3D%25eqxWAbbH82LARzL1b%25IC672yzH3OYgMTNI9imlD9Uwmu1R7Gq3A89RbfKYmUrOpQhRVAfoUMA8ACABphJHFlFgFou%25KXKP7HSfWQlSD%25V1PaXRSfNEbnQZ310s9Oa6TE4riInRascZwBO5wrxRteJ2gZ857Mu1vRUgChSrP5GvloVQKgp2XH5rGv6jQ%25g6i2YDafvsAjmqn12rCDyLOEjk0qTJIsDUML3uBrqHwJdSeZLhtuzVMRJ4sSkNh5ucSVA0ogSkcNF4HvVAt0Kc%252Nye4Wxfj0T4cP81D4GSxbUEqgmP89GsLvS6UiprJ2CiGw6ZujlFptYRSDUH67m5Vq9hYCygNzcimlTv0knGyX324AOfTQdjcFIE3azDxKrCdnkq8WMlzOALUPWukIFJGbfrABKup9C1FeWS6fUSKMPVY1nnWhbNmE2%25Po90yscJbHi4TrxF9%25wc3Z7miftxdtXKw178z7FWtECUkCu07slGAlvJCrXpFXWDlZQ6KQPxXRaYWaZNQ5nmPnL1,Sedan-M5,BMW,M5,Sedan,Plug-in Hybrid,V8,4.4,18.6,717,1000,Automatic,8,AWD,3.5,305,5096,1970,1510,3006,2445,5,60.0,466,20,285/40R20,Double Wishbone,Multi-link,Vented Disc,Vented Disc,M5,Sedan,Base,Performance,Full
SUV,,iX,Od 375 500 zł,https://prod.cosy.bmw.cloud/bmwweb/cosySec?COSY-EU-100-7331cqgv2Z7d%25i02uCaY3MuO2kdGmT35sgXAObdT10tfnZ1oEiyCIbH8aGDmIqQmSTKL6ifG70qbX0x1RCzPhe00JkyyXqcfbYZ9Whc91kUrOpTSXB3GZ5gscCZ6B4Mrt3mFILoub0TmvayRCzjlCO2kOHUtWPfbYfXG7y10tq3D%25eqxWAbbH82LARzL1b%25IC672yzH3OYgMTNI%25omlD9Uwmu1R7Gq3A89RbfKYmUrOpQhsVAfoUMA8ZobMsayjnt61agOybyaKnvIT9PeWO2B3ibMoIjedwsQhBDMztrOReqhk7BnDMLoACeq%25hJHFlMLxou%25KXh1IHSfWQtOE%25V1Pa7cVfNEbnCHd10s9O5euE4riIgUiscZwBvG%25rxRte2pAZ857Mj2lRUgChD3A5GvloqVdgp2XH3Mcv6jQ%25jEk,SUV-iX,BMW,iX,SUV,Electric,,,111.5,516,765,Single-speed,1,AWD,4.6,200,4953,1967,1695,3000,2510,5,111.5,500,21,275/40R21,Double Wishbone,Multi-link,Vented Disc,Vented Disc,iX,SUV,Base,SUV,Partial
SUV,Nowe,iX,Od 560 000 zł,https://prod.cosy.bmw.cloud/bmwweb/cosySec?COSY-EU-100-7331cqgv2Z7d%25i02uCaY3MuO2kdGmT35sgXAHbdT10tfnZ1oEiyCIbH8aGDmIqQmSTKL6ifG70qbX0x1RCzPhe00JkyyXqcfbYZ9Whc91kUrOpTSXB3GZ5gscCZ6B4Mrt3mFILoub0TmvayRCzjlCO2kOHUtWPfbYfXn1g10tq3D%25eqxWAbbH82LARzL1b%25IC672yzH3OYgMTNI9imlD9Uwmu1R7Gq3A89RbfKYmUrOpQhsVAfoUMA8ZobMsayjnt61agOybWgsnvIT9PeWO2B3ibMtIjedw9hIBDMztraoeqhk7Zn4MLoACRQqhJHFl5evou%25KXgi7HSfWQvbm%25V1PaHZWfNEbn%25Xp10s9OfoJE4riI1H0scZwBE%25drxRtesxBZ857MrHTRUgChZYA5GvloROlgp2XH5aKv6jQ%25gLh2YDafvJ2jmqn12YJDyLOEjmKqTJIsD8zL3uBrqUQJdSeZLN2uzVMR1xdSkNh5E24VA0ogsPoNF4Hvrb10Kc%252Z9K4WxfjRi3cP81D5wsxbUEqg4e89GsLmSKUiprJyM%25Gw6ZuTlMptYRS3Xo67m5Vd%25XYCygNzf1mlTv0kOUyX324AkDTQdjcFhf3azDxKiodnkq8h4CzOALUA6mkIFJGF6fABKupKYjFeWS6hB3KMPVYoe9WhbNmHMgPo90y%25h6bHi4TqCA9%25wc3LsKiftxdJ%25qw178zugM,SUV-iX,BMW,iX,SUV,Electric,,,111.5,516,765,Single-speed,1,AWD,4.6,200,4953,1967,1695,3000,2510,5,111.5,500,21,275/40R21,Double Wishbone,Multi-link,Vented Disc,Vented Disc,iX,SUV,Base,SUV,Partial
SUV,Nowe,iX3,Od 310 000 zł,https://prod.cosy.bmw.cloud/bmwweb/cosySec?COSY-EU-100-7331cqgv2Z7d%25i02uCaY3MuO2kdGmT35sgXAsb7f10tfnZ1oEiyCIbH8aGDmIqQmSTKL6ifG70qbX0x1RCzPhe00JkyyXqcfbYZ9Whc91kUrOpTSXB3GZ5gscCZ6B4Mrt3mFILoub0TmvayRCzjlCO2kOHUtWPfbYfXuPP10tq3D%25eqxWAbbH82LARzL1b%25IC672yzH3OYgMTNI%25CmlD9Uwmu1R7Gq3A89RbfKYmUrOpQhRVAfoUMA8ZobMsayjnt61agOybWgsnvIT9PogO2B3ibVcIjedw9hbBDMztio%25eqhk7wmlMLoACR1%25hJHFl5Ifou%25KXguFHSfWQvh3%25V1Pa29efNEbnjZD10s9Of5NE4riI1H0scZwBEhWrxRtesAPZ857Mrd0RUgChZmM5GvloRUjgp2XH5GGv6jQ%25g0t2YDafv42jmqn1hmGDyLOEoNmqTJIsHkKL3uBr%25AGJdSeZfetuzVMR1LXSkNh5xrMVA0og8ZZNF4HvUDd0Kc%252Gnz4WxfjpiScP81D6wOxbUEqY4889GsLmYZUiprJXqhGw6Zu6N4ptYRSYo167m5Vm0IYCygNy7HmlTv0QkUyX324aOATQdjcnXp3azDxOQAdnkq8IaF,SUV-iX3,BMW,iX3,SUV,Electric,,,80.0,282,400,Single-speed,1,RWD,6.8,180,4734,1891,1668,2864,2185,5,80.0,510,19,245/50R19,Strut,Multi-link,Vented Disc,Vented Disc,iX3,SUV,Base,SUV,Partial
SUV,,iX2,Od 232 500 zł,https://prod.cosy.bmw.cloud/bmwweb/cosySec?COSY-EU-100-7331cqgv2Z7d%25i02uCaY3MuO2kdGmT35sgXASbDq10tfnZ1oEiyCIbH8aGDmIqQmSTKL6ifG70qbX0x1RCzPhe00JkyyXqcfbYZ9Whc91kUrOpTSXB3GZ5gscCZ6B4Mrt3mFILoub0TmvayRCzjlCO2kOHUtWPfbYfGIxG10tq3D%25eqxWAbbH82LARzL1b%25IC672yzH3OYgMTNI97mlD9Uwmu1R7Gq3A89RbfKYmUrOpQhRVAfoUMA8ZobMsayjnt61agOybyWCnvIT9PvrO2B3ibVcIjedw9hbBDMztiozeqhk7BnDMLoACe6qhJHFlMgvou%25KXhJ1HSfWQovz%25V1Pa7RSfNEbnCxD10s9Ol%25nE4riIgMSscZwBvG%25rxRte2pkZ857MjTkRUgChy005GvlovfEgp2XH2Pwv6jQ%25j1k2YDafDE7jmqn1qY9DyLOELFU,SUV-iX2,BMW,iX2,SUV,Electric,,,64.8,313,494,Single-speed,1,AWD,5.6,180,4554,1845,1560,2692,2020,5,64.8,525,19,245/45R19,Strut,Multi-link,Vented Disc,Vented Disc,iX2,SUV,Base,SUV,Partial
SUV,,iX2,Od 232 500 zł,https://prod.cosy.bmw.cloud/bmwweb/cosySec?COSY-EU-100-7331cqgv2Z7d%25i02uCaY3MuO2kdGmT35sgXAebDq10tfnZ1oEiyCIbH8aGDmIqQmSTKL6ifG70qbX0x1RCzPhe00JkyyXqcfbYZ9Whc91kUrOpTSXB3GZ5gscCZ6B4Mrt3mFILoub0TmvayRCzjlCO2kOHUtWPfbYfvsUT10tq3D%25eqxWAbbH82LARzL1b%25IC672yzH3OYgMTNIk1mlD9Uwmu1R7Gq3A89RbfKYmUrOpQhRVAfoUMA8ZobMsayjnt61agOybyW0nvIT9TPTO2B3i3bXIjedwd9UBDMztzi6eqhk7kwqMLoACA5shJHFl7xpou%25KXC1YHSfWQvCU%25V1Pa2MsfNEbnjNP10s9OD%25LE4riIqp3scZwBEcSrxRtesx%25Z857MrFxRUgChZu15GvloRm3gp2XH504v6jQ%25gBq2YDafvJijmqn12cCDyLOEju5qTJIsHRSL3uBr%25ABJdSeZfq6uzVMRcsmSkNh5xWqVA0og8x%25NF4HvUmt0Kc%252w5d4WxfjtW%25cP81D7kkxbUEqCB889GsLlDMUiprJt90Gw6Zu7im,SUV-iX2,BMW,iX2,SUV,Electric,,,64.8,313,494,Single-speed,1,AWD,5.6,180,4554,1845,1560,2692,2020,5,64.8,525,19,245/45R19,Strut,Multi-link,Vented Disc,Vented Disc,iX2,SUV,Base,SUV,Partial
SUV,,iX1,Od 223 500 zł,https://prod.cosy.bmw.cloud/bmwweb/cosySec?COSY-EU-100-7331cqgv2Z7d%25i02uCaY3MuO2kdGmT35sgXAdb7a10tfnZ1oEiyCIbH8aGDmIqQmSTKL6ifG70qbX0x1RCzPhe00JkyyXqcfbYZ9Whc91kUrOpTSXB3GZ5gscCZ6B4Mrt3mFILoub0TmvayRCzjlCO2kOHUtWPfbYfGIxG10tq3D%25eqxWAbbH82LARzL1b%25IC672yzH3OYgMTNiMQmlD9Uwmu1R7Gq3A89RbfKYmUrOpQhRVAfoUMA8ZobMsayjnt61agOybyW0nvIT9PvrO2B3ibVcIjedw9hbBDMztioUeqhk7BnDMLoACe6qhJHFlMgvou%25KXhJ8HSfWQouq%25V1PaH2kfNEbn%25rM10s9OlgNE4riIXfOscZwBvhVrxRte2pfZ857Mj6ARUgChDYK5GvloqPcgp2XHLdXv6jQ%25jJr2YDafDsZjmqn1qiCDyLOELrlqTJIsJywL3uBruWh,SUV-iX1,BMW,iX1,SUV,Electric,,,64.7,308,494,Single-speed,1,AWD,5.6,180,4500,1845,1642,2692,2085,5,64.7,490,18,225/55R18,Strut,Multi-link,Vented Disc,Vented Disc,iX1,SUV,Base,SUV,Partial
Sedan,,i7,Od 540 000 zł,https://prod.cosy.bmw.cloud/bmwweb/cosySec?COSY-EU-100-7331cqgv2Z7d%25i02uCaY3MuO2kdGmT35sgXAWbQv10tfnZ1oEiyCIbH8aGDmIqQmSTKL6ifG70qbX0x1RCzPhe00JkyyXqcfbYZ9Whc91kUrOpTSXB3GZ5gscCZ6B4Mrt3mFILoub0TmvayRCzjlCO2kOHUtWPfbYfQG8N10tq3D%25eqxWAbbH82LARzL1b%25IC672yzH3OYgMTNIkomlD9Uwmu1R7Gq3A89RbfKYmUrOpQhRVAfoUMA8ZobMsayjnt61agOybyq4nvIT9PvrO2B3ibVcIjedw9hbBDMztioCeqhk7ZfHMLoACRB7hJHFl5evou%25KXhsFHSfWQoC0%25V1PaHMSfNEbn%25Bp10s9OfeuE4riI1usscZwBESdrxRtespgZ857MrY0RUgChZm55GvloRyhgp2XH5IKv6jQ%25gpq2YDafv6Ajmqn12Y3DyLOEjmnqTJIsD8zL3uBrqUQJdSeZLN2uzVMR1xdSkNh5EWkVA0ogsPaNF4HvrSn0Kc%252ZzQ4WxfjpLkcP81D6wVxbUEqYtI89GsLm7eUiprJyhWGw6ZuTXGptYRS3Tg67m5VdIhYCygNzWBmlTv0kPgyX324B1TTQdjceq23azDxMUjdnkq8kWYzOALUA6mkIFJGFR2ABKupKY1FeWS6WmDKMPVYPegWhbNmbsnPo90y%25KvbHi4TfWY9%25wc31PciftxdvTW,Sedan-i7,BMW,i7,Sedan,Electric,,,101.7,536,745,Single-speed,1,AWD,4.7,240,5391,1950,1544,3215,2640,5,101.7,500,20,255/45R20,Double Wishbone,Multi-link,Vented Disc,Vented Disc,i7,Sedan,Base,Electric,Partial
Sedan,,i7,Od 820 000 zł,https://prod.cosy.bmw.cloud/bmwweb/cosySec?COSY-EU-100-7331cqgv2Z7d%25i02uCaY3MuO2kdGmT35sgXAebQI10tfnZ1oEiyCIbH8aGDmIqQmSTKL6ifG70qbX0x1RCzPhe%250JkayXqcfbYZ9Whc91kUrOpTSXB3GZ5gscCZ6B4Mrt3mFILoub0TmvayRCzjlCO2kOHUtWPfbYfQGsd10tq3D%25eqxWAbbH82LARzL1b%25IC672yzH3OYgMTNCKImlD9Uwmu1R7Gq3A89RbfKYmUrOpQhRVAfoUMA8ZobMsayjnt61agOybyxKnvIT9TLlO2B3ibVcIjedw9hbBDMztiozeqhk7wHlMLoACt%25RhJHFl5Efou%25KXg7dHSfWQvO0%25V1Pa23ZfNEbnjHa10s9ODw6E4riIqtUscZwBEvirxRtesfcZ857Mr8IRUgChZ%2535GvloRfcgp2XH5cvv6jQ%25gxW2YDafv3Ljmqn12zGDyLOEjkqqTJIsDA4L3uBrqFsJdSeZL%25euzVMRJd0SkNh5uziVA0ogSkWNF4HvVAo0Kc%252Nyb4Wxfj0T%25cP81D43hxbUEqcpV89GsLv79UiprJ2ChGw6Zuj8optYRS30b67m5VdQ8YCygNzaHmlTv0knfyX324AEtTQdjcFBp3azDxKe3dnkq8WKJzOALUP%25skIFJGb7fABKup9CJFeWS6fUaKMPVY1TOWhbNmEOOPo90yscNbHi4Trxo9%25wc3Z8SiftxdRUaw178z5AxtECUkCgL7slGAlEuCrXpFRtulZQ6K57kXRaYWgCYQ5nmPvleagOyb257nvIT9jgeO2B3iDvP,Sedan-i7,BMW,i7,Sedan,Electric,,,101.7,536,745,Single-speed,1,AWD,4.7,240,5391,1950,1544,3215,2640,5,101.7,500,20,255/45R20,Double Wishbone,Multi-link,Vented Disc,Vented Disc,i7,Sedan,Base,Electric,Partial
Sedan,,i5,Od 335 000 zł,https://prod.cosy.bmw.cloud/bmwweb/cosySec?COSY-EU-100-7331cqgv2Z7d%25i02uCaY3MuO2kdGmT35sgXAHb7010tfnZ1oEiyCIbH8aGDmIqQmSTKL6ifG70qbX0x1RCzPhe00JkyyXqcfbYZ9Whc91kUrOpTSXB3GZ5gscCZ6B4Mrt3mFILoub0TmvayRCzjlCO2kOHUtWPfbYfvM1i10tq3D%25eqxWAbbH82LARzL1b%25IC672yzH3OYgMTNIk1mlD9Uwmu1R7Gq3A89RbfKYmUrOpQhRVAfoUMA8ZobMsayjnt61agOybWgsnvIT9PogO2B3ibVcIjedw9hbBDMztr%25oeqhk7ZiuMLoACRO%25hJHFl5JAou%25KXgvvHSfWQvbB%25V1PaHZsfNEbn%25hL10s9OfoNE4riI14EscZwBEhmrxRtesoPZ857MrJxRUgChZY25GvloRyJgp2XH5IKv6jQ%25gLh2YDafvJ2jmqn12YJDyLOEjmKqTJIsD8zL3uBrqUQJdSeZLGJuzVMRJ0jSkNh5E8zVA0ogsjcNF4HvrbF0Kc%252ZVO4WxfjpLkcP81D6wVxbUEqYtI89GsLm7eUiprJyhWGw6ZuTy5ptYRS3OM67m5VdKIYCygNzW5mlTv0IkwyX324BVwTQdjcett3azDxMsddnkq8hcZzOALUozZkIFJGHWxABKupK9TFeWS6Wy3KMPVYPvqWhbNmbTrPo90y93JbHi4Tioj9%25wc3wRBiftxdE%25Kw178zsfl,Sedan-i5,BMW,i5,Sedan,Electric,,,81.2,335,430,Single-speed,1,RWD,6.0,193,5060,1900,1515,2995,2205,5,81.2,490,19,245/45R19,Double Wishbone,Multi-link,Vented Disc,Vented Disc,i5,Sedan,Base,Electric,Partial
Sedan,,i5,Od 492 000 zł,https://prod.cosy.bmw.cloud/bmwweb/cosySec?COSY-EU-100-7331cqgv2Z7d%25i02uCaY3MuO2kdGmT35sgXAOb7010tfnZ1oEiyCIbH8aGDmIqQmSTKL6ifG70qbX0x1RCzPhe00JkyyXqcfbYZ9Whc91kUrOpTSXB3GZ5gscCZ6B4Mrt3mFILoub0TmvayRCzjlCO2kOHUtWPfbYfv2sd10tq3D%25eqxWAbbH82LARzL1b%25IC672yzH3OYgMTNI97mlD9Uwmu1R7Gq3A89RbfKYmUrOpQhRVAfoUMA8ZobMsayjnt61agOybWh5nvIT9PS4O2B3ibMPIjedw9hdBDMztiopeqhk7ZfHMLoACRwShJHFl5Ifou%25KXgMTHSfWQv2S%25V1Pa29sfNEbnjiT10s9Of5ZE4riI1a8scZwBE%25SrxRtesfcZ857Mr8WRUgChZ%2535GvloRfigp2XH5VGv6jQ%25gTq2YDafvdVjmqn12xBDyLOEjh9qTJIsDVfL3uBrqTVJdSeZL3buzVMRJpFSkNh5u6OVA0ogSYVNF4HvVxL0Kc%252Zq84WxfjRiWcP81D5wwxbUEqg4e89GsLmSKUiprJyC4Gw6ZuTlMptYRS3Xo67m5Vd%259YCygNzf1mlTv0kOwyX324AkDTQdjcFhf3azDxKiodnkq8WwDzOALUoclkIFJGHxJABKup%25QQFeWS6fgKKMPVY10qWhbNmbTrPo90y9h2bHi4TfoA9%25wc31H7iftxdE%25y,Sedan-i5,BMW,i5,Sedan,Electric,,,81.2,335,430,Single-speed,1,RWD,6.0,193,5060,1900,1515,2995,2205,5,81.2,490,19,245/45R19,Double Wishbone,Multi-link,Vented Disc,Vented Disc,i5,Sedan,Base,Electric,Partial
Touring,,i5,Od 345 500 zł,https://prod.cosy.bmw.cloud/bmwweb/cosySec?COSY-EU-100-7331cqgv2Z7d%25i02uCaY3MuO2kdGmT35sgXASb7I10tfnZ1oEiyCIbH8aGDmIqQmSTKL6ifG70qbX0x1RCzPhe00JkyyXqcfbYZ9Whc91kUrOpTSXB3GZ5gscCZ6B4Mrt3mFILoub0TmvayRCzjlCO2kOHUtWPfbYfv2sd10tq3D%25eqxWAbbH82LARzL1b%25IC672yzH3OYgMTNIcamlD9Uwmu1R7Gq3A89RbfKYmUrOpQhRVAfoUMA8ACtEqhJHFl7xpou%25KXC17HSfWQlEW%25V1PaXsjfNEbnjRr10s9ODQxE4riIqHRscZwBLcirxRteJxOZ857Mu67RUgChSrP5GvloVNagp2XHNasv6jQ%250nP2YDafvuLjmqn125UDyLOEjgmqTJIsDTCL3uBrq5PJdSeZLgauzVMRJmSSkNh5upDVA0ogS6kNF4HvVCd0Kc%252N984Wxfj0wYcP81D4RnxbUEqc6289GsLxY8UiprJ899Gw6ZuUACptYRSGF167m5VpK6YCygN638mlTv0JxdyX324uOXTQdjcSII3azDxVyrdnkq8WplzOALUPMykIFJGbhZABKup9o5FeWS6ivnKMPVYw2jWhbNmt1IPo90y7tcbHi4TCR29%25wc3lO5iftxdXIcw178z5ThtECUkgoo7slGAvSCCrXpF2kNlZQ6KjmxXRaYWaZNQ5nmPnRgagOyb257nvIT9jgeO2B3iDvP,Touring-i5,BMW,i5 Touring,Wagon,Electric,,,81.2,335,430,Single-speed,1,RWD,6.1,193,5060,1900,1515,2995,2275,5,81.2,570,19,245/45R19,Double Wishbone,Multi-link,Vented Disc,Vented Disc,i5,Wagon,Touring,Electric,Partial
Touring,,i5,Od 502 500 zł,https://prod.cosy.bmw.cloud/bmwweb/cosySec?COSY-EU-100-7331cqgv2Z7d%25i02uCaY3MuO2kdGmT35sgXAHb7I10tfnZ1oEiyCIbH8aGDmIqQmSTKL6ifG70qbX0x1RCzPhe00JkyyXqcfbYZ9Whc91kUrOpTSXB3GZ5gscCZ6B4Mrt3mFILoub0TmvayRCzjlCO2kOHUtWPfbYfQG1g10tq3D%25eqxWAbbH82LARzL1b%25IC672yzH3OYgMTNIcomlD9Uwmu1R7Gq3A89RbfKYmUrOpQhRVAfoUMA8ACtEqhJHFl7xpou%25KXC17HSfWQlEW%25V1PaXs3fNEbnjRr10s9ODQxE4riIqHRscZwBLcnrxRteJptZ857MusWRUgChSVV5GvloVQjgp2XHNaWv6jQ%25gJq2YDafvoQjmqn125UDyLOEjgmqTJIsDTCL3uBrq5PJdSeZLgauzVMRJmSSkNh5upDVA0ogS6kNF4HvVbx0Kc%252Ni64Wxfj03scP81D4RnxbUEqc6289GsLxY8UiprJ899Gw6ZuUACptYRSGF167m5VpK6YCygN638mlTv0JxdyX324uOXTQdjcSII3azDxVyrdnkq8WplzOALUPMykIFJGbhZABKup9o5FeWS6ivnKMPVYw2jWhbNmt1IPo90y7tcbHi4TCR29%25wc3lO5iftxdXIcw178z5ThtECUkg3U7slGAvHHCrXpF2VllZQ6KjA0XRaYWDDMQ5nmPqTUagOybLBKnvIT9IhCO2B3iBvxIjedwqYGBDMztLjQeqhk7JDHMLoACuqw,Touring-i5,BMW,i5 Touring,Wagon,Electric,,,81.2,335,430,Single-speed,1,RWD,6.1,193,5060,1900,1515,2995,2275,5,81.2,570,19,245/45R19,Double Wishbone,Multi-link,Vented Disc,Vented Disc,i5,Wagon,Touring,Electric,Partial
SUV,,XM,Od 685 500 zł,https://prod.cosy.bmw.cloud/bmwweb/cosySec?COSY-EU-100-7331cqgv2Z7d%25i02uCaY3MuO2kdGmT35sgXAdbdj10tfnZ1oEiyCIbH8aGDmIqQmSTKL6ifG70qbX0x1RCzPhe00vkayXqcfbYZ9Whc91kUrOpTSXB3GZ5gscCZ6B4Mrt3mFILoub0TmvayRCzjlCO2kOHUtWPfbYfQGsd10tq3D%25eqxWAbbH82LARzL1b%25IC672yzH3OYgMTNIk4mlD9Uwmu1R7Gq3A89RbfKYmUrOpQhRVAfoUMA8ZobMsayjnt61agOybyxKnvIT9TLqO2B3ibVcIjedw92bBDMztio9eqhk7wHkMLoACt%25YhJHFl5Efou%25KXgB1HSfWQveU%25V1Pa2oDfNEbnjip10s9OfoJE4riI1HYscZwBE%254rxRtesjzZ857MrHTRUgChZmL5GvloROFgp2XH5IMv6jQ%25gnW2YDafvOajmqn12YJDyLOEjmnqTJIsD8XL3uBrqULJdSeZLN2uzVMR1KMSkNh5EWkVA0ogsuyNF4HvUDd0Kc%252G9u4WxfjpincP81D6wIxbUEqYeF89GsLmYZUiprJyaBGw6ZuTAnptYRS3Fw67m5Vmnh,SUV-XM,BMW,XM,SUV,Plug-in Hybrid,V8,4.4,29.5,644,800,Automatic,8,AWD,4.3,270,5110,2005,1755,3105,2710,5,69.0,527,23,275/35R23,Double Wishbone,Multi-link,Vented Disc,Vented Disc,XM,SUV,Base,SUV,Partial
SUV,,XM,Od 685 500 zł,https://prod.cosy.bmw.cloud/bmwweb/cosySec?COSY-EU-100-7331cqgv2Z7d%25i02uCaY3MuO2kdGmT35sgXAsbdj10tfnZ1oEiyCIbH8aGDmIqQmSTKL6ifG70qbX0x1RCzPhe00vkayXqcfbYZ9Whc91kUrOpTSXB3GZ5gscCZ6B4Mrt3mFILoub0TmvayRCzjlCO2kOHUtWPfbYfQnsT10tq3D%25eqxWAbbH82LARzL1b%25IC672yzH3OYgMTOCMQmlD9Uwmu1R7Gq3A89RbfKYmUrOpQhRVAfoUMA8ZobMsayjnt61agOybWu0nvIT9PgZO2B3ibvPIjedw9hbBDMztiozeqhk7wH6MLoACR1%25hJHFl5t3ou%25KXgB1HSfWQveU%25V1Pa2cPfNEbnjHq10s9ODwZE4riIq5kscZwBE%25SrxRtesfyZ857Mr1xRUgChZqA5GvloRfdgp2XH5Tuv6jQ%25gBW2YDafveojmqn12jwDyLOEjB9qTJIsDySL3uBrqTPJdSeZL3BuzVMRJpdSkNh5u6OVA0ogSYVNF4HvVxL0Kc%252ZpF4WxfjRifcP81D5wmxbUEqgtb89GsLvcAUiprJyC4Gw6ZuTlMptYRS3Xo67m5Vd%259YCygNzn8mlTv0kzjyX324AM%25TQdjcF9h3azDxML5dnkq8hJm,SUV-XM,BMW,XM,SUV,Plug-in Hybrid,V8,4.4,29.5,644,800,Automatic,8,AWD,4.3,270,5110,2005,1755,3105,2710,5,69.0,527,23,275/35R23,Double Wishbone,Multi-link,Vented Disc,Vented Disc,XM,SUV,Base,SUV,Partial
SUV,,X5,Od 472 500 zł,https://prod.cosy.bmw.cloud/bmwweb/cosySec?COSY-EU-100-7331cqgv2Z7d%25i02uCaY3MuO2kdGmT35sgXAObQN10tfnZ1oEiyCIbH8aGDmIqQmSTKL6ifG70qbX0x1RCzPhe00JkyyXqcfbYZ9Whc91kUrOpTSXB3GZ5gscCZ6B4Mrt3mFILoub0TmvayRCzjlCO2kOHUtWPfbYfvNxA10tq3D%25eqxWAbbH82LARzL1b%25IC672yzH3OYgMTNICmmlD9Uwmu1R7Gq3A89RbfKYmUrOpQhRVAfoUMA8ZobMsayjnt61agOybyxKnvIT9TuyO2B3ib7IIjedw9NxBDMztij9eqhk7wHiMLoACt%25MhJHFl5Efou%25KXgB1HSfWQv48%25V1Pa2oDfNEbnjiX10s9Of5ZE4riI1aYscZwBEnirxRtesOcZ857Mr1TRUgChZE85GvloRLFgp2XH51mv6jQ%25g3S2YDafvePjmqn12MHDyLOEjADqTJIsDySL3uBrqTTJdSeZLGauzVMRJpuSkNh5u4DVA0ogsjcNF4HvrbH0Kc%252Z964WxfjRiTcP81D50BxbUEqYuF89GsLmdbUiprJyC4Gw6ZuTlMptYRS3Xo67m5Vd%259YCygNzd2mlTv0keHyX324AbMTQdjcF9X3azDxM3sdnkq8hGDzOALUoptkIFJGFHrABKupKIRFeWS6W1Q,SUV-X5,BMW,X5,SUV,Diesel,Inline-6,3.0,,298,670,Automatic,8,AWD,6.1,233,4935,2004,1765,2975,2245,5,80.0,650,20,275/45R20,Double Wishbone,Multi-link,Vented Disc,Vented Disc,X5,SUV,Base,SUV,Partial
SUV,,X5,Od 472 500 zł,https://prod.cosy.bmw.cloud/bmwweb/cosySec?COSY-EU-100-7331cqgv2Z7d%25i02uCaY3MuO2kdGmT35sgXAObQN10tfnZ1oEiyCIbH8aGDmIqQmSTKL6ifG70qbX0x1RCzPhe00JkyyXqcfbYZ9Whc91kUrOpTSXB3GZ5gscCZ6B4Mrt3mFILoub0TmvayRCzjlCO2kOHUtWPfbYfvNxA10tq3D%25eqxWAbbH82LARzL1b%25IC672yzH3OYgMTNICmmlD9Uwmu1R7Gq3A89RbfKYmUrOpQhRVAfoUMA8ZobMsayjnt61agOybyxKnvIT9TuyO2B3ib7IIjedw9NxBDMztij9eqhk7wHiMLoACt%25MhJHFl5Efou%25KXgB1HSfWQv48%25V1Pa2oDfNEbnjiX10s9Of5ZE4riI1aYscZwBEnirxRtesOcZ857Mr1TRUgChZE85GvloRLFgp2XH51mv6jQ%25g3S2YDafvePjmqn12MHDyLOEjADqTJIsDySL3uBrqTTJdSeZLGauzVMRJpuSkNh5u4DVA0ogsjcNF4HvrbH0Kc%252Z964WxfjRiTcP81D50BxbUEqYuF89GsLmdbUiprJyC4Gw6ZuTlMptYRS3Xo67m5Vd%259YCygNzd2mlTv0keHyX324AbMTQdjcF9X3azDxM3sdnkq8hGDzOALUoptkIFJGFHrABKupKIRFeWS6W1Q,SUV-X5,BMW,X5,SUV,Plug-in Hybrid,Inline-6,3.0,25.7,483,700,Automatic,8,AWD,4.8,250,4935,2004,1765,2975,2445,5,69.0,500,20,275/45R20,Double Wishbone,Multi-link,Vented Disc,Vented Disc,X5,SUV,Base,SUV,Partial
SUV,,X5,Od 472 500 zł,https://prod.cosy.bmw.cloud/bmwweb/cosySec?COSY-EU-100-7331cqgv2Z7d%25i02uCaY3MuO2kdGmT35sgXAObQN10tfnZ1oEiyCIbH8aGDmIqQmSTKL6ifG70qbX0x1RCzPhe00JkyyXqcfbYZ9Whc91kUrOpTSXB3GZ5gscCZ6B4Mrt3mFILoub0TmvayRCzjlCO2kOHUtWPfbYfvNxA10tq3D%25eqxWAbbH82LARzL1b%25IC672yzH3OYgMTNICmmlD9Uwmu1R7Gq3A89RbfKYmUrOpQhRVAfoUMA8ZobMsayjnt61agOybyxKnvIT9TuyO2B3ib7IIjedw9NxBDMztij9eqhk7wHiMLoACt%25MhJHFl5Efou%25KXgB1HSfWQv48%25V1Pa2oDfNEbnjiX10s9Of5ZE4riI1aYscZwBEnirxRtesOcZ857Mr1TRUgChZE85GvloRLFgp2XH51mv6jQ%25g3S2YDafvePjmqn12MHDyLOEjADqTJIsDySL3uBrqTTJdSeZLGauzVMRJpuSkNh5u4DVA0ogsjcNF4HvrbH0Kc%252Z964WxfjRiTcP81D50BxbUEqYuF89GsLmdbUiprJyC4Gw6ZuTlMptYRS3Xo67m5Vd%259YCygNzd2mlTv0keHyX324AbMTQdjcF9X3azDxM3sdnkq8hGDzOALUoptkIFJGFHrABKupKIRFeWS6W1Q,SUV-X5,BMW,X5,SUV,Petrol,Inline-6,3.0,,375,520,Automatic,8,AWD,5.3,250,4935,2004,1765,2975,2230,5,83.0,650,20,275/45R20,Double Wishbone,Multi-link,Vented Disc,Vented Disc,X5,SUV,Base,SUV,Partial
SUV,,X3,Od 287 500 zł,https://prod.cosy.bmw.cloud/bmwweb/cosySec?COSY-EU-100-7331cqgv2Z7d%25i02uCaY3MuO2kdGmT35sgXAHCDz10tfnZ1oEiyCIbH8aGDmIqQmSTKL6ifG70qbX0x1RCzPhe00JkyyXqcfbYZ9Whc91kUrOpTSXB3GZ5gscCZ6B4Mrt3mFILoub0TmvayRCzjlCO2kOHUtWPfbYfzG1P10tq3D%25eqxWAbbH82LARzL1b%25IC672yzH3OYgMTNIkHmlD9Uwmu1R7Gq3A89RbfKYmUrOpQhRVAfoUMA8ZobMsayjnt61agOybyxKnvIT9T8nO2B3i3axIjedw9QNBDMztiD5eqhk7w1DMLoACtqOhJHFl7ftou%25KXC1KHSfWQlER%25V1Pa2ZsfNEbnjhr10s9OD%25kE4riIqtascZwBLgVrxRtes2gZ857MrjvRUgChZB35GvloReCgp2XH5rGv6jQ%25g6n2YDafvYOjmqn12rCDyLOEjc5qTJIsDxyL3uBrq9YJdSeZLKxuzVMRJf7SkNh5ucSVA0ogSkcNF4HvVAt0Kc%252NyF4Wxfj0TMcP81D43cxbUEqcpV89GsLv9KUiprJ2T9Gw6ZujNmptYRSDXt67m5VqQ%25YCygNLpfmlTv0kxwyX324APlTQdjcFI63azDxKBEdnkq8WKJzOALUP%25skIFJGb7fABKup%255FFeWS6Wy3KMPVYPvqWhbNmb6pPo90y9svbHi4TidR9%25wc3wzSiftxdt%25qw178zsQWtECUkrb77slGAZqbCrXpFRgOlZQ6K5vIXRaYeC4EQ5nmMqKcagOyhLBKnvIToIhCO2B3HdUf,SUV-X3,BMW,X3,SUV,Petrol,Inline-4,2.0,,248,350,Automatic,8,AWD,6.3,235,4708,1891,1676,2864,1890,5,65.0,550,19,245/50R19,Double Joint Spring,Multi-link,Vented Disc,Vented Disc,X3,SUV,Base,SUV,Partial
SUV,,X3,Od 287 500 zł,https://prod.cosy.bmw.cloud/bmwweb/cosySec?COSY-EU-100-7331cqgv2Z7d%25i02uCaY3MuO2kdGmT35sgXAHCDz10tfnZ1oEiyCIbH8aGDmIqQmSTKL6ifG70qbX0x1RCzPhe00JkyyXqcfbYZ9Whc91kUrOpTSXB3GZ5gscCZ6B4Mrt3mFILoub0TmvayRCzjlCO2kOHUtWPfbYfzG1P10tq3D%25eqxWAbbH82LARzL1b%25IC672yzH3OYgMTNIkHmlD9Uwmu1R7Gq3A89RbfKYmUrOpQhRVAfoUMA8ZobMsayjnt61agOybyxKnvIT9T8nO2B3i3axIjedw9QNBDMztiD5eqhk7w1DMLoACtqOhJHFl7ftou%25KXC1KHSfWQlER%25V1Pa2ZsfNEbnjhr10s9OD%25kE4riIqtascZwBLgVrxRtes2gZ857MrjvRUgChZB35GvloReCgp2XH5rGv6jQ%25g6n2YDafvYOjmqn12rCDyLOEjc5qTJIsDxyL3uBrq9YJdSeZLKxuzVMRJf7SkNh5ucSVA0ogSkcNF4HvVAt0Kc%252NyF4Wxfj0TMcP81D43cxbUEqcpV89GsLv9KUiprJ2T9Gw6ZujNmptYRSDXt67m5VqQ%25YCygNLpfmlTv0kxwyX324APlTQdjcFI63azDxKBEdnkq8WKJzOALUP%25skIFJGb7fABKup%255FFeWS6Wy3KMPVYPvqWhbNmb6pPo90y9svbHi4TidR9%25wc3wzSiftxdt%25qw178zsQWtECUkrb77slGAZqbCrXpFRgOlZQ6K5vIXRaYeC4EQ5nmMqKcagOyhLBKnvIToIhCO2B3HdUf,SUV-X3,BMW,X3,SUV,Plug-in Hybrid,Inline-4,2.0,19.7,292,420,Automatic,8,AWD,6.1,210,4708,1891,1676,2864,2065,5,50.0,450,19,245/50R19,Strut,Multi-link,Vented Disc,Vented Disc,X3,SUV,Base,SUV,Partial
SUV,,X3,Od 287 500 zł,https://prod.cosy.bmw.cloud/bmwweb/cosySec?COSY-EU-100-7331cqgv2Z7d%25i02uCaY3MuO2kdGmT35sgXAHCDz10tfnZ1oEiyCIbH8aGDmIqQmSTKL6ifG70qbX0x1RCzPhe00JkyyXqcfbYZ9Whc91kUrOpTSXB3GZ5gscCZ6B4Mrt3mFILoub0TmvayRCzjlCO2kOHUtWPfbYfzG1P10tq3D%25eqxWAbbH82LARzL1b%25IC672yzH3OYgMTNIkHmlD9Uwmu1R7Gq3A89RbfKYmUrOpQhRVAfoUMA8ZobMsayjnt61agOybyxKnvIT9T8nO2B3i3axIjedw9QNBDMztiD5eqhk7w1DMLoACtqOhJHFl7ftou%25KXC1KHSfWQlER%25V1Pa2ZsfNEbnjhr10s9OD%25kE4riIqtascZwBLgVrxRtes2gZ857MrjvRUgChZB35GvloReCgp2XH5rGv6jQ%25g6n2YDafvYOjmqn12rCDyLOEjc5qTJIsDxyL3uBrq9YJdSeZLKxuzVMRJf7SkNh5ucSVA0ogSkcNF4HvVAt0Kc%252NyF4Wxfj0TMcP81D43cxbUEqcpV89GsLv9KUiprJ2T9Gw6ZujNmptYRSDXt67m5VqQ%25YCygNLpfmlTv0kxwyX324APlTQdjcFI63azDxKBEdnkq8WKJzOALUP%25skIFJGb7fABKup%255FFeWS6Wy3KMPVYPvqWhbNmb6pPo90y9svbHi4TidR9%25wc3wzSiftxdt%25qw178zsQWtECUkrb77slGAZqbCrXpFRgOlZQ6K5vIXRaYeC4EQ5nmMqKcagOyhLBKnvIToIhCO2B3HdUf,SUV-X3,BMW,X3,SUV,Diesel,Inline-4,2.0,,190,400,Automatic,8,AWD,7.9,213,4708,1891,1676,2864,1885,5,65.0,550,19,245/50R19,Strut,Multi-link,Vented Disc,Vented Disc,X3,SUV,Base,SUV,Partial
SUV,,X1,Od 234 500 zł,https://prod.cosy.bmw.cloud/bmwweb/cosySec?COSY-EU-100-7331cqgv2Z7d%25i02uCaY3MuO2kdGmT35sgXAHbQh10tfnZ1oEiyCIbH8aGDmIqQmSTKL6ifG70qbX0x1RCzPhe00JkyyXqcfbYZ9Whc91kUrOpTSXB3GZ5gscCZ6B4Mrt3mFILoub0TmvayRCzjlCO2kOHUtWPfbYf6Jdi10tq3D%25eqxWAbbH82LARzL1b%25IC672yzH3OYgMTNI%25YmlD9Uwmu1R7Gq3A89RbfKYmUrOpQhRVAfoUMA8ZobMsayjnt61agOybyxKnvIT9T8lO2B3i3axIjedwd9jBDMztiD5eqhk7w1DMLoACtcGhJHFl7L6ou%25KXC17HSfWQlEW%25V1PaXsNfNEbnjRr10s9ODoZE4riIqU6scZwBL7nrxRtes2gZ857MrITRUgChZE85GvloRG4gp2XH5psv6jQ%25gE22YDafvs7jmqn12iYDyLOEjc5qTJIsDb6L3uBrqAWJdSeZL0JuzVMRJ4XSkNh5E8zVA0ogsjcNF4HvrbH0Kc%252Z9K4WxfjRi3cP81D50zxbUEqY2A89GsLmjFUiprJyVWGw6ZuTNPptYRS3ob67m5VdH9YCygNzaUmlTv0kn%25yX324AO1TQdjcFs73azDxKrZdnkq8WKJzOALUP%25skIFJGb7fABKup%25UgFeWS6fcvKMPVYPwdWhbNmb3zPo90y9jJbHi4TimY9%25wc3wZjiftxdtkgw178z7ANtECUkC1J7slGAZnbCrXpFRillZQ6K5rX,SUV-X1,BMW,X1,SUV,Plug-in Hybrid,Inline-3,1.5,16.3,245,385,Automatic,7,AWD,6.8,205,4500,1845,1642,2692,1940,5,47.0,490,18,225/55R18,Strut,Multi-link,Vented Disc,Vented Disc,X1,SUV,Base,SUV,Partial
SUV,,X1,Od 234 500 zł,https://prod.cosy.bmw.cloud/bmwweb/cosySec?COSY-EU-100-7331cqgv2Z7d%25i02uCaY3MuO2kdGmT35sgXAHbQh10tfnZ1oEiyCIbH8aGDmIqQmSTKL6ifG70qbX0x1RCzPhe00JkyyXqcfbYZ9Whc91kUrOpTSXB3GZ5gscCZ6B4Mrt3mFILoub0TmvayRCzjlCO2kOHUtWPfbYf6Jdi10tq3D%25eqxWAbbH82LARzL1b%25IC672yzH3OYgMTNI%25YmlD9Uwmu1R7Gq3A89RbfKYmUrOpQhRVAfoUMA8ZobMsayjnt61agOybyxKnvIT9T8lO2B3i3axIjedwd9jBDMztiD5eqhk7w1DMLoACtcGhJHFl7L6ou%25KXC17HSfWQlEW%25V1PaXsNfNEbnjRr10s9ODoZE4riIqU6scZwBL7nrxRtes2gZ857MrITRUgChZE85GvloRG4gp2XH5psv6jQ%25gE22YDafvs7jmqn12iYDyLOEjc5qTJIsDb6L3uBrqAWJdSeZL0JuzVMRJ4XSkNh5E8zVA0ogsjcNF4HvrbH0Kc%252Z9K4WxfjRi3cP81D50zxbUEqY2A89GsLmjFUiprJyVWGw6ZuTNPptYRS3ob67m5VdH9YCygNzaUmlTv0kn%25yX324AO1TQdjcFs73azDxKrZdnkq8WKJzOALUP%25skIFJGb7fABKup%25UgFeWS6fcvKMPVYPwdWhbNmb3zPo90y9jJbHi4TimY9%25wc3wZjiftxdtkgw178z7ANtECUkC1J7slGAZnbCrXpFRillZQ6K5rX,SUV-X1,BMW,X1,SUV,Petrol,Inline-3,1.5,,134,220,Automatic,7,FWD,9.2,208,4500,1845,1642,2692,1520,5,54.0,540,18,225/55R18,Strut,Multi-link,Vented Disc,Vented Disc,X1,SUV,Base,SUV,Partial
SUV,,X1,Od 234 500 zł,https://prod.cosy.bmw.cloud/bmwweb/cosySec?COSY-EU-100-7331cqgv2Z7d%25i02uCaY3MuO2kdGmT35sgXAHbQh10tfnZ1oEiyCIbH8aGDmIqQmSTKL6ifG70qbX0x1RCzPhe00JkyyXqcfbYZ9Whc91kUrOpTSXB3GZ5gscCZ6B4Mrt3mFILoub0TmvayRCzjlCO2kOHUtWPfbYf6Jdi10tq3D%25eqxWAbbH82LARzL1b%25IC672yzH3OYgMTNI%25YmlD9Uwmu1R7Gq3A89RbfKYmUrOpQhRVAfoUMA8ZobMsayjnt61agOybyxKnvIT9T8lO2B3i3axIjedwd9jBDMztiD5eqhk7w1DMLoACtcGhJHFl7L6ou%25KXC17HSfWQlEW%25V1PaXsNfNEbnjRr10s9ODoZE4riIqU6scZwBL7nrxRtes2gZ857MrITRUgChZE85GvloRG4gp2XH5psv6jQ%25gE22YDafvs7jmqn12iYDyLOEjc5qTJIsDb6L3uBrqAWJdSeZL0JuzVMRJ4XSkNh5E8zVA0ogsjcNF4HvrbH0Kc%252Z9K4WxfjRi3cP81D50zxbUEqY2A89GsLmjFUiprJyVWGw6ZuTNPptYRS3ob67m5VdH9YCygNzaUmlTv0kn%25yX324AO1TQdjcFs73azDxKrZdnkq8WKJzOALUP%25skIFJGb7fABKup%25UgFeWS6fcvKMPVYPwdWhbNmb3zPo90y9jJbHi4TimY9%25wc3wZjiftxdtkgw178z7ANtECUkC1J7slGAZnbCrXpFRillZQ6K5rX,SUV-X1,BMW,X1,SUV,Diesel,Inline-4,2.0,,150,360,Automatic,8,FWD/AWD,8.9,208,4500,1845,1642,2692,1600,5,54.0,540,18,225/55R18,Strut,Multi-link,Vented Disc,Vented Disc,X1,SUV,Base,SUV,Partial
Sedan,,M5,Od 687 500 zł,https://prod.cosy.bmw.cloud/bmwweb/cosySec?COSY-EU-100-7331cqgv2Z7d%25i02uCaY3MuO2kdGmT35sgXAeb8310tfnZ1oEiyCIbH8aGDmIqQmSTKL6ifG70qbX0x1RCzPhe00vkayXqcfbYZ9Whc91kUrOpTSXB3GZ5gscCZ6B4Mrt3mFILoub0TmvayRCzjlCO2kOHUtWPfbYf7SU010tq3D%25eqxWAbbH82LARzL1b%25IC672yzH3OYgMTNI9imlD9Uwmu1R7Gq3A89RbfKYmUrOpQhRVAfoUMA8ACABphJHFlFgFou%25KXKP7HSfWQlSD%25V1PaXRSfNEbnQZ310s9Oa6TE4riInRascZwBO5wrxRteJ2gZ857Mu1vRUgChSrP5GvloVQKgp2XH5rGv6jQ%25g6i2YDafvsAjmqn12rCDyLOEjk0qTJIsDUML3uBrqHwJdSeZLhtuzVMRJ4sSkNh5ucSVA0ogSkcNF4HvVAt0Kc%252Nye4Wxfj0T4cP81D4GSxbUEqgmP89GsLvS6UiprJ2CiGw6ZujlFptYRSDUH67m5Vq9hYCygNzcimlTv0knGyX324AOfTQdjcFIE3azDxKrCdnkq8WMlzOALUPWukIFJGbfrABKup9C1FeWS6fUSKMPVY1nnWhbNmE2%25Po90yscJbHi4TrxF9%25wc3Z7miftxdtXKw178z7FWtECUkCu07slGAlvJCrXpFXWDlZQ6KQPxXRaYWaZNQ5nmPnL1,Sedan-M5,BMW,M5,Sedan,Plug-in Hybrid,V8,4.4,18.6,717,1000,Automatic,8,AWD,3.5,305,5096,1970,1510,3006,2445,5,60.0,466,20,285/40R20,Double Wishbone,Multi-link,Vented Disc,Vented Disc,M5,Sedan,Base,Performance,Partial
Touring,,M5,Od 698 000 zł,https://prod.cosy.bmw.cloud/bmwweb/cosySec?COSY-EU-100-7331cqgv2Z7d%25i02uCaY3MuO2kdGmT35sgXAebDD10tfnZ1oEiyCIbH8aGDmIqQmSTKL6ifG70qbX0x1RCzPhe00vkayXqcfbYZ9Whc91kUrOpTSXB3GZ5gscCZ6B4Mrt3mFILoub0TmvayRCzjlCO2kOHUtWPfbYf7SUi10tq3D%25eqxWAbbH82LARzL1b%25IC672yzH3OYgMTNIklmlD9Uwmu1R7Gq3A89RbfKYmUrOpQhRVAfoUMA8ACABphJHFlFgIou%25KXKP7HSfWQlSD%25V1PaXRSfNEbnQrX10s9OD5ZE4riIqaKscZwBL%255rxRteJptZ857MusWRUgChSX65GvloVQKgp2XH5LDv6jQ%25gZx2YDafvR6jmqn12mNDyLOEjZKqTJIsDRXL3uBrqFcJdSeZLpouzVMRJf7SkNh5uHCVA0ogSxZNF4HvV8N0Kc%252NF84Wxfj0KCcP81D43hxbUEqcdx89GsLx6NUiprJ2T9Gw6ZujNmptYRSDXt67m5VqQWYCygNLpfmlTv0JwHyX324A8tTQdjcFI63azDxKBEdnkq8WerzOALUPMOkIFJGb5QABKup9gvFeWS6i%25nKMPVYwi0WhbNmtrgPo90y7aZbHi4TrBB9%25wc3ZqEiftxdRUVw178z5GPtECUkCaP7slGAlWbCrXpFXVclZQ6KQAkXRaYWaDVQ5nmPn9JagOybOiGnvIT9IgcO2B3Cvhc,Touring-M5,BMW,M5 Touring,Wagon,Plug-in Hybrid,V8,4.4,18.6,717,1000,Automatic,8,AWD,3.6,305,5096,1970,1515,3006,2500,5,60.0,500,20,285/40R20,Double Wishbone,Multi-link,Vented Disc,Vented Disc,M5,Wagon,Touring,Performance,Partial
SUV,,X7,Od 525 000 zł,https://prod.cosy.bmw.cloud/bmwweb/cosySec?COSY-EU-100-7331cqgv2Z7d%25i02uCaY3MuO2kdGmT35sgXA9bQa10tfnZ1oEiyCIbH8aGDmIqQmSTKL6ifG70qbX0x1RCzPhe00JkyyXqcfbYZ9Whc91kUrOpTSXB3GZ5gscCZ6B4Mrt3mFILoub0TmvayRCzjlCO2kOHUtWPfbYfFd1v10tq3D%25eqxWAbbH82LARzL1b%25IC672yzH3OYgMTNIcmmlD9Uwmu1R7Gq3A89RbfKYmUrOpQhRVAfoUMA8ZobMsayjnt61agOybyqEnvIT9PtgO2B3ibVcIjedw9hbBDMztioCeqhk7wHZMLoACRwThJHFl5Ixou%25KXgBJHSfWQv4W%25V1Pa2cUfNEbnjHa10s9ODa6E4riIqtascZwBEvirxRtesOyZ857MrItRUgChZE35GvloRsUgp2XH5JKv6jQ%25gEk2YDafvsTjmqn12dJDyLOEjk0qTJIsDoiL3uBrqH1JdSeZLhuuzVMRJ4ZSkNh5ucmVA0ogSkhNF4HvVm00Kc%252Ny04WxfjRW9cP81D5wPxbUEqg4e89GsLmMKUiprJymRGw6ZuTneptYRS3FO67m5VdKtYCygNNdomlTv0M6yyX324hNp,SUV-X7,BMW,X7,SUV,Diesel,Inline-6,3.0,,352,700,Automatic,8,AWD,5.9,245,5181,2000,1835,3105,2490,7,80.0,750,21,285/45R21,Double Wishbone,Multi-link,Vented Disc,Vented Disc,X7,SUV,Base,SUV,Partial
SUV,,X7,Od 525 000 zł,https://prod.cosy.bmw.cloud/bmwweb/cosySec?COSY-EU-100-7331cqgv2Z7d%25i02uCaY3MuO2kdGmT35sgXA9bQa10tfnZ1oEiyCIbH8aGDmIqQmSTKL6ifG70qbX0x1RCzPhe00JkyyXqcfbYZ9Whc91kUrOpTSXB3GZ5gscCZ6B4Mrt3mFILoub0TmvayRCzjlCO2kOHUtWPfbYfFd1v10tq3D%25eqxWAbbH82LARzL1b%25IC672yzH3OYgMTNIcmmlD9Uwmu1R7Gq3A89RbfKYmUrOpQhRVAfoUMA8ZobMsayjnt61agOybyqEnvIT9PtgO2B3ibVcIjedw9hbBDMztioCeqhk7wHZMLoACRwThJHFl5Ixou%25KXgBJHSfWQv4W%25V1Pa2cUfNEbnjHa10s9ODa6E4riIqtascZwBEvirxRtesOyZ857MrItRUgChZE35GvloRsUgp2XH5JKv6jQ%25gEk2YDafvsTjmqn12dJDyLOEjk0qTJIsDoiL3uBrqH1JdSeZLhuuzVMRJ4ZSkNh5ucmVA0ogSkhNF4HvVm00Kc%252Ny04WxfjRW9cP81D5wPxbUEqg4e89GsLmMKUiprJymRGw6ZuTneptYRS3FO67m5VdKtYCygNNdomlTv0M6yyX324hNp,SUV-X7,BMW,X7,SUV,Petrol,V8,4.4,,523,750,Automatic,8,AWD,4.7,250,5181,2000,1835,3105,2485,7,83.0,750,21,285/45R21,Double Wishbone,Multi-link,Vented Disc,Vented Disc,X7,SUV,Base,SUV,Partial
SUV,,X7,Od 687 500 zł,https://prod.cosy.bmw.cloud/bmwweb/cosySec?COSY-EU-100-7331cqgv2Z7d%25i02uCaY3MuO2kdGmT35sgXAsbQa10tfnZ1oEiyCIbH8aGDmIqQmSTKL6ifG70qbX0x1RCzPhe00JkyyXqcfbYZ9Whc91kUrOpTSXB3GZ5gscCZ6B4Mrt3mFILoub0TmvayRCzjlCO2kOHUtWPfbYfFdsd10tq3D%25eqxWAbbH82LARzL1b%25IC672yzH3OYgMTNIu%25mlD9Uwmu1R7Gq3A89RbfKYmUrOpQhRVAfoUMA8ZobMsayjnt61agOybyqinvIT9Td4O2B3ib7vIjedw9NxBDMztio9eqhk7wHlMLoACt%25RhJHFl5Ixou%25KXgu7HSfWQvhj%25V1Pa29GfNEbnjib10s9Of5bE4riI1aYscZwBEnirxRtesfVZ857Mr1TRUgChZE85GvloRLFgp2XH51zv6jQ%25gEy2YDafvdVjmqn12xBDyLOEjh9qTJIsDofL3uBrqMJJdSeZLheuzVMRJ4ZSkNh5ucmVA0ogSkhNF4HvVmN0Kc%252ZKb4WxfjRiWcP81D50BxbUEqYeF89GsLmCNUiprJymRGw6ZuTneptYRS3FO67m5VdKtYCygNOu9mlTv0ISyyX324BwwTQdjceEO3azDxML5,SUV-X7,BMW,X7,SUV,Diesel,Inline-6,3.0,,352,700,Automatic,8,AWD,5.9,245,5181,2000,1835,3105,2490,7,80.0,750,21,285/45R21,Double Wishbone,Multi-link,Vented Disc,Vented Disc,X7,SUV,Base,SUV,Partial
SUV,,X7,Od 687 500 zł,https://prod.cosy.bmw.cloud/bmwweb/cosySec?COSY-EU-100-7331cqgv2Z7d%25i02uCaY3MuO2kdGmT35sgXAsbQa10tfnZ1oEiyCIbH8aGDmIqQmSTKL6ifG70qbX0x1RCzPhe00JkyyXqcfbYZ9Whc91kUrOpTSXB3GZ5gscCZ6B4Mrt3mFILoub0TmvayRCzjlCO2kOHUtWPfbYfFdsd10tq3D%25eqxWAbbH82LARzL1b%25IC672yzH3OYgMTNIu%25mlD9Uwmu1R7Gq3A89RbfKYmUrOpQhRVAfoUMA8ZobMsayjnt61agOybyqinvIT9Td4O2B3ib7vIjedw9NxBDMztio9eqhk7wHlMLoACt%25RhJHFl5Ixou%25KXgu7HSfWQvhj%25V1Pa29GfNEbnjib10s9Of5bE4riI1aYscZwBEnirxRtesfVZ857Mr1TRUgChZE85GvloRLFgp2XH51zv6jQ%25gEy2YDafvdVjmqn12xBDyLOEjh9qTJIsDofL3uBrqMJJdSeZLheuzVMRJ4ZSkNh5ucmVA0ogSkhNF4HvVmN0Kc%252ZKb4WxfjRiWcP81D50BxbUEqYeF89GsLmCNUiprJymRGw6ZuTneptYRS3FO67m5VdKtYCygNOu9mlTv0ISyyX324BwwTQdjceEO3azDxML5,SUV-X7,BMW,X7,SUV,Petrol,V8,4.4,,523,750,Automatic,8,AWD,4.7,250,5181,2000,1835,3105,2485,7,83.0,750,21,285/45R21,Double Wishbone,Multi-link,Vented Disc,Vented Disc,X7,SUV,Base,SUV,Partial
SUV,,X6,Od 460 000 zł,https://prod.cosy.bmw.cloud/bmwweb/cosySec?COSY-EU-100-7331cqgv2Z7d%25i02uCaY3MuO2kdGmT35sgXAsbQi10tfnZ1oEiyCIbH8aGDmIqQmSTKL6ifG70qbX0x1RCzPhe00JkyyXqcfbYZ9Whc91kUrOpTSXB3GZ5gscCZ6B4Mrt3mFILoub0TmvayRCzjlCO2kOHUtWPfbYfvN7T10tq3D%25eqxWAbbH82LARzL1b%25IC672yzH3OYgMTNIC6mlD9Uwmu1R7Gq3A89RbfKYmUrOpQhRVAfoUMA8ZobMsayjnt61agOybyxKnvIT9T8lO2B3i3axIjedwdkxBDMztzhweqhk7wqgMLoACtcGhJHFl7Ljou%25KXC17HSfWQlEm%25V1PaXsOfNEbnjRr10s9ODoZE4riIq4ascZwBL75rxRteJCkZ857Mr1TRUgChZE85GvloRfigp2XH5Vsv6jQ%25gNp2YDafvKUjmqn12xBDyLOEjD1qTJIsDyyL3uBrqULJdSeZfc3uzVMR1v0SkNh5EWhVA0ogsPGNF4Hvrbm0Kc%252Z9T4WxfjRN2cP81D6JAxbUEqYBw89GsLm70UiprJyCeGw6ZuTlhptYRS3Hb67m5Vd3vYCygNzBomlTv0kPdyX324BVwTQdjceN33azDxM77dnkq8hrzzOALUouvkIFJGFbyABKupKmTFeWS6WgDKMPVYP15WhbNmbTrPo90y93JbHi4Tioj9%25wc3wRTiftxdEWw,SUV-X6,BMW,X6,SUV,Petrol,Inline-6,3.0,,375,520,Automatic,8,AWD,5.4,250,4948,2004,1696,2975,2245,5,83.0,580,20,275/45R20,Double Wishbone,Multi-link,Vented Disc,Vented Disc,X6,SUV,Base,SUV,Partial
SUV,,X6,Od 460 000 zł,https://prod.cosy.bmw.cloud/bmwweb/cosySec?COSY-EU-100-7331cqgv2Z7d%25i02uCaY3MuO2kdGmT35sgXAsbQi10tfnZ1oEiyCIbH8aGDmIqQmSTKL6ifG70qbX0x1RCzPhe00JkyyXqcfbYZ9Whc91kUrOpTSXB3GZ5gscCZ6B4Mrt3mFILoub0TmvayRCzjlCO2kOHUtWPfbYfvN7T10tq3D%25eqxWAbbH82LARzL1b%25IC672yzH3OYgMTNIC6mlD9Uwmu1R7Gq3A89RbfKYmUrOpQhRVAfoUMA8ZobMsayjnt61agOybyxKnvIT9T8lO2B3i3axIjedwdkxBDMztzhweqhk7wqgMLoACtcGhJHFl7Ljou%25KXC17HSfWQlEm%25V1PaXsOfNEbnjRr10s9ODoZE4riIq4ascZwBL75rxRteJCkZ857Mr1TRUgChZE85GvloRfigp2XH5Vsv6jQ%25gNp2YDafvKUjmqn12xBDyLOEjD1qTJIsDyyL3uBrqULJdSeZfc3uzVMR1v0SkNh5EWhVA0ogsPGNF4Hvrbm0Kc%252Z9T4WxfjRN2cP81D6JAxbUEqYBw89GsLm70UiprJyCeGw6ZuTlhptYRS3Hb67m5Vd3vYCygNzBomlTv0kPdyX324BVwTQdjceN33azDxM77dnkq8hrzzOALUouvkIFJGFbyABKupKmTFeWS6WgDKMPVYP15WhbNmbTrPo90y93JbHi4Tioj9%25wc3wRTiftxdEWw,SUV-X6,BMW,X6,SUV,Diesel,Inline-6,3.0,,298,670,Automatic,8,AWD,6.1,233,4948,2004,1696,2975,2265,5,80.0,580,20,275/45R20,Double Wishbone,Multi-link,Vented Disc,Vented Disc,X6,SUV,Base,SUV,Partial
SUV,,X6,Od 596 000 zł,https://prod.cosy.bmw.cloud/bmwweb/cosySec?COSY-EU-100-7331cqgv2Z7d%25i02uCaY3MuO2kdGmT35sgXAObQi10tfnZ1oEiyCIbH8aGDmIqQmSTKL6ifG70qbX0x1RCzPhe00JkyyXqcfbYZ9Whc91kUrOpTSXB3GZ5gscCZ6B4Mrt3mFILoub0TmvayRCzjlCO2kOHUtWPfbYfFdsd10tq3D%25eqxWAbbH82LARzL1b%25IC672yzH3OYgMTOWK8mlD9Uwmu1R7Gq3A89RbfKYmUrOpQhRVAfoUMA8ZobMsayjnt61agOybyxKnvIT9Td4O2B3i3e9Ijedw9C2BDMzti08eqhk7wDvMLoACt%25whJHFl7f6ou%25KXC1aHSfWQvrE%25V1Pa2MsfNEbnjNX10s9ODwZE4riIqtdscZwBEv5rxRtesOwZ857MrIxRUgChZE35GvloRsUgp2XH5JKv6jQ%25gEy2YDafvdVjmqn12xBDyLOEjh9qTJIsDofL3uBrqMcJdSeZL33uzVMRJpuSkNh5E24VA0ogsPoNF4Hvrbp0Kc%252Z9y4WxfjRNIcP81D6JAxbUEqY3P89GsLm70UiprJyCeGw6ZuTlhptYRS3Hb67m5Vd3vYCygNzBomlTv0kPeyX324BVwTQdjceN33azDxM77dnkq8hrzzOALUozZkIFJGHS2ABKup%25YJFeWS6fmlKMPVYP15WhbNmbMv,SUV-X6,BMW,X6,SUV,Petrol,Inline-6,3.0,,375,520,Automatic,8,AWD,5.4,250,4948,2004,1696,2975,2245,5,83.0,580,20,275/45R20,Double Wishbone,Multi-link,Vented Disc,Vented Disc,X6,SUV,Base,SUV,Partial
SUV,,X6,Od 596 000 zł,https://prod.cosy.bmw.cloud/bmwweb/cosySec?COSY-EU-100-7331cqgv2Z7d%25i02uCaY3MuO2kdGmT35sgXAObQi10tfnZ1oEiyCIbH8aGDmIqQmSTKL6ifG70qbX0x1RCzPhe00JkyyXqcfbYZ9Whc91kUrOpTSXB3GZ5gscCZ6B4Mrt3mFILoub0TmvayRCzjlCO2kOHUtWPfbYfFdsd10tq3D%25eqxWAbbH82LARzL1b%25IC672yzH3OYgMTOWK8mlD9Uwmu1R7Gq3A89RbfKYmUrOpQhRVAfoUMA8ZobMsayjnt61agOybyxKnvIT9Td4O2B3i3e9Ijedw9C2BDMzti08eqhk7wDvMLoACt%25whJHFl7f6ou%25KXC1aHSfWQvrE%25V1Pa2MsfNEbnjNX10s9ODwZE4riIqtdscZwBEv5rxRtesOwZ857MrIxRUgChZE35GvloRsUgp2XH5JKv6jQ%25gEy2YDafvdVjmqn12xBDyLOEjh9qTJIsDofL3uBrqMcJdSeZL33uzVMRJpuSkNh5E24VA0ogsPoNF4Hvrbp0Kc%252Z9y4WxfjRNIcP81D6JAxbUEqY3P89GsLm70UiprJyCeGw6ZuTlhptYRS3Hb67m5Vd3vYCygNzBomlTv0kPeyX324BVwTQdjceN33azDxM77dnkq8hrzzOALUozZkIFJGHS2ABKup%25YJFeWS6fmlKMPVYP15WhbNmbMv,SUV-X6,BMW,X6,SUV,Diesel,Inline-6,3.0,,298,670,Automatic,8,AWD,6.1,233,4948,2004,1696,2975,2265,5,80.0,580,20,275/45R20,Double Wishbone,Multi-link,Vented Disc,Vented Disc,X6,SUV,Base,SUV,Partial
SUV,,X5,Od 430 000 zł,https://prod.cosy.bmw.cloud/bmwweb/cosySec?COSY-EU-100-7331cqgv2Z7d%25i02uCaY3MuO2kdGmT35sgXA9bQN10tfnZ1oEiyCIbH8aGDmIqQmSTKL6ifG70qbX0x1RCzPhe00JkyyXqcfbYZ9Whc91kUrOpTSXB3GZ5gscCZ6B4Mrt3mFILoub0TmvayRCzjlCO2kOHUtWPfbYfvNIl10tq3D%25eqxWAbbH82LARzL1b%25IC672yzH3OYgMTNIkfmlD9Uwmu1R7Gq3A89RbfKYmUrOpQhRVAfoUMA8ZobMsayjnt61agOybyJmnvIT9PS4O2B3ibvRIjedw9hbBDMztioCeqhk7wHeMLoACRO%25hJHFl5Ixou%25KXg0KHSfWQv48%25V1Pa2oDfNEbnjQp10s9Of5bE4riI1aYscZwBEnirxRtesOcZ857Mr1TRUgChZE85GvloRLFgp2XH51zv6jQ%25gEy2YDafv3Ljmqn12vaDyLOEjk0qTJIsDoiL3uBrqH1JdSeZLhuuzVMRJ4sSkNh5ucRVA0ogSkhNF4HvrFP0Kc%252Zq84WxfjRiWcP81D50BxbUEqYeF89GsLmCNUiprJymRGw6ZuTneptYRS3FO67m5VdKtYCygNO4W,SUV-X5,BMW,X5,SUV,Diesel,Inline-6,3.0,,298,670,Automatic,8,AWD,6.1,233,4935,2004,1765,2975,2245,5,80.0,650,20,275/45R20,Double Wishbone,Multi-link,Vented Disc,Vented Disc,X5,SUV,Base,SUV,Partial
SUV,,X5,Od 430 000 zł,https://prod.cosy.bmw.cloud/bmwweb/cosySec?COSY-EU-100-7331cqgv2Z7d%25i02uCaY3MuO2kdGmT35sgXA9bQN10tfnZ1oEiyCIbH8aGDmIqQmSTKL6ifG70qbX0x1RCzPhe00JkyyXqcfbYZ9Whc91kUrOpTSXB3GZ5gscCZ6B4Mrt3mFILoub0TmvayRCzjlCO2kOHUtWPfbYfvNIl10tq3D%25eqxWAbbH82LARzL1b%25IC672yzH3OYgMTNIkfmlD9Uwmu1R7Gq3A89RbfKYmUrOpQhRVAfoUMA8ZobMsayjnt61agOybyJmnvIT9PS4O2B3ibvRIjedw9hbBDMztioCeqhk7wHeMLoACRO%25hJHFl5Ixou%25KXg0KHSfWQv48%25V1Pa2oDfNEbnjQp10s9Of5bE4riI1aYscZwBEnirxRtesOcZ857Mr1TRUgChZE85GvloRLFgp2XH51zv6jQ%25gEy2YDafv3Ljmqn12vaDyLOEjk0qTJIsDoiL3uBrqH1JdSeZLhuuzVMRJ4sSkNh5ucRVA0ogSkhNF4HvrFP0Kc%252Zq84WxfjRiWcP81D50BxbUEqYeF89GsLmCNUiprJymRGw6ZuTneptYRS3FO67m5VdKtYCygNO4W,SUV-X5,BMW,X5,SUV,Plug-in Hybrid,Inline-6,3.0,25.7,483,700,Automatic,8,AWD,4.8,250,4935,2004,1765,2975,2445,5,69.0,500,20,275/45R20,Double Wishbone,Multi-link,Vented Disc,Vented Disc,X5,SUV,Base,SUV,Partial
SUV,,X5,Od 430 000 zł,https://prod.cosy.bmw.cloud/bmwweb/cosySec?COSY-EU-100-7331cqgv2Z7d%25i02uCaY3MuO2kdGmT35sgXA9bQN10tfnZ1oEiyCIbH8aGDmIqQmSTKL6ifG70qbX0x1RCzPhe00JkyyXqcfbYZ9Whc91kUrOpTSXB3GZ5gscCZ6B4Mrt3mFILoub0TmvayRCzjlCO2kOHUtWPfbYfvNIl10tq3D%25eqxWAbbH82LARzL1b%25IC672yzH3OYgMTNIkfmlD9Uwmu1R7Gq3A89RbfKYmUrOpQhRVAfoUMA8ZobMsayjnt61agOybyJmnvIT9PS4O2B3ibvRIjedw9hbBDMztioCeqhk7wHeMLoACRO%25hJHFl5Ixou%25KXg0KHSfWQv48%25V1Pa2oDfNEbnjQp10s9Of5bE4riI1aYscZwBEnirxRtesOcZ857Mr1TRUgChZE85GvloRLFgp2XH51zv6jQ%25gEy2YDafv3Ljmqn12vaDyLOEjk0qTJIsDoiL3uBrqH1JdSeZLhuuzVMRJ4sSkNh5ucRVA0ogSkhNF4HvrFP0Kc%252Zq84WxfjRiWcP81D50BxbUEqYeF89GsLmCNUiprJymRGw6ZuTneptYRS3FO67m5VdKtYCygNO4W,SUV-X5,BMW,X5,SUV,Petrol,Inline-6,3.0,,375,520,Automatic,8,AWD,5.3,250,4935,2004,1765,2975,2230,5,83.0,650,20,275/45R20,Double Wishbone,Multi-link,Vented Disc,Vented Disc,X5,SUV,Base,SUV,Partial
SUV,,X5,Od 562 500 zł,https://prod.cosy.bmw.cloud/bmwweb/cosySec?COSY-EU-100-7331cqgv2Z7d%25i02uCaY3MuO2kdGmT35sgXAsbQN10tfnZ1oEiyCIbH8aGDmIqQmSTKL6ifG70qbX0x1RCzPhe00vkayXqcfbYZ9Whc91kUrOpTSXB3GZ5gscCZ6B4Mrt3mFILoub0TmvayRCzjlCO2kOHUtWPfbYfFdVw10tq3D%25eqxWAbbH82LARzL1b%25IC672yzH3OYgMTNIC6mlD9Uwmu1R7Gq3A89RbfKYmUrOpQhRVAfoUMA8ZobMsayjnt61agOybyxKnvIT9Td4O2B3i3e9Ijedw9NxBDMztijgeqhk7wDiMLoACt%25whJHFl7fQou%25KXgs1HSfWQveE%25V1Pa2VlfNEbnjHq10s9ODwZE4riIqtiscZwBL7zrxRtes2wZ857MrITRUgChZB75GvloReUgp2XH5rcv6jQ%25gZk2YDafvR6jmqn12VbDyLOEjZKqTJIsDRzL3uBrqFcJdSeZLpouzVMRJf7SkNh5u1rVA0ogS%25GNF4HvV8g0Kc%252NFH4Wxfj0KKcP81D43cxbUEqgup89GsLv7sUiprJ2C3Gw6Zuj8optYRS30b67m5VdQ8YCygNzaHmlTv0knfyX324AEtTQdjcFBp3azDxKFLdnkq8WHEzOALUPt%25kIFJGb7OABKup%258QFeWS6fUKKMPVY1nnWhbNmEW2Po90yscJbHi4Trd09%25wc3ZzOiftxdtRDw178z7fL,SUV-X5,BMW,X5,SUV,Diesel,Inline-6,3.0,,298,670,Automatic,8,AWD,6.1,233,4935,2004,1765,2975,2245,5,80.0,650,20,275/45R20,Double Wishbone,Multi-link,Vented Disc,Vented Disc,X5,SUV,Base,SUV,Partial
SUV,,X5,Od 562 500 zł,https://prod.cosy.bmw.cloud/bmwweb/cosySec?COSY-EU-100-7331cqgv2Z7d%25i02uCaY3MuO2kdGmT35sgXAsbQN10tfnZ1oEiyCIbH8aGDmIqQmSTKL6ifG70qbX0x1RCzPhe00vkayXqcfbYZ9Whc91kUrOpTSXB3GZ5gscCZ6B4Mrt3mFILoub0TmvayRCzjlCO2kOHUtWPfbYfFdVw10tq3D%25eqxWAbbH82LARzL1b%25IC672yzH3OYgMTNIC6mlD9Uwmu1R7Gq3A89RbfKYmUrOpQhRVAfoUMA8ZobMsayjnt61agOybyxKnvIT9Td4O2B3i3e9Ijedw9NxBDMztijgeqhk7wDiMLoACt%25whJHFl7fQou%25KXgs1HSfWQveE%25V1Pa2VlfNEbnjHq10s9ODwZE4riIqtiscZwBL7zrxRtes2wZ857MrITRUgChZB75GvloReUgp2XH5rcv6jQ%25gZk2YDafvR6jmqn12VbDyLOEjZKqTJIsDRzL3uBrqFcJdSeZLpouzVMRJf7SkNh5u1rVA0ogS%25GNF4HvV8g0Kc%252NFH4Wxfj0KKcP81D43cxbUEqgup89GsLv7sUiprJ2C3Gw6Zuj8optYRS30b67m5VdQ8YCygNzaHmlTv0knfyX324AEtTQdjcFBp3azDxKFLdnkq8WHEzOALUPt%25kIFJGb7OABKup%258QFeWS6fUKKMPVY1nnWhbNmEW2Po90yscJbHi4Trd09%25wc3ZzOiftxdtRDw178z7fL,SUV-X5,BMW,X5,SUV,Plug-in Hybrid,Inline-6,3.0,25.7,483,700,Automatic,8,AWD,4.8,250,4935,2004,1765,2975,2445,5,69.0,500,20,275/45R20,Double Wishbone,Multi-link,Vented Disc,Vented Disc,X5,SUV,Base,SUV,Partial
SUV,,X5,Od 562 500 zł,https://prod.cosy.bmw.cloud/bmwweb/cosySec?COSY-EU-100-7331cqgv2Z7d%25i02uCaY3MuO2kdGmT35sgXAsbQN10tfnZ1oEiyCIbH8aGDmIqQmSTKL6ifG70qbX0x1RCzPhe00vkayXqcfbYZ9Whc91kUrOpTSXB3GZ5gscCZ6B4Mrt3mFILoub0TmvayRCzjlCO2kOHUtWPfbYfFdVw10tq3D%25eqxWAbbH82LARzL1b%25IC672yzH3OYgMTNIC6mlD9Uwmu1R7Gq3A89RbfKYmUrOpQhRVAfoUMA8ZobMsayjnt61agOybyxKnvIT9Td4O2B3i3e9Ijedw9NxBDMztijgeqhk7wDiMLoACt%25whJHFl7fQou%25KXgs1HSfWQveE%25V1Pa2VlfNEbnjHq10s9ODwZE4riIqtiscZwBL7zrxRtes2wZ857MrITRUgChZB75GvloReUgp2XH5rcv6jQ%25gZk2YDafvR6jmqn12VbDyLOEjZKqTJIsDRzL3uBrqFcJdSeZLpouzVMRJf7SkNh5u1rVA0ogS%25GNF4HvV8g0Kc%252NFH4Wxfj0KKcP81D43cxbUEqgup89GsLv7sUiprJ2C3Gw6Zuj8optYRS30b67m5VdQ8YCygNzaHmlTv0knfyX324AEtTQdjcFBp3azDxKFLdnkq8WHEzOALUPt%25kIFJGb7OABKup%258QFeWS6fUKKMPVY1nnWhbNmEW2Po90yscJbHi4Trd09%25wc3ZzOiftxdtRDw178z7fL,SUV-X5,BMW,X5,SUV,Petrol,Inline-6,3.0,,375,520,Automatic,8,AWD,5.3,250,4935,2004,1765,2975,2230,5,83.0,650,20,275/45R20,Double Wishbone,Multi-link,Vented Disc,Vented Disc,X5,SUV,Base,SUV,Partial
SUV,,X4,,https://prod.cosy.bmw.cloud/bmwweb/cosySec?COSY-EU-100-7331cqgv2Z7d%25i02uCaY3MuO2kdGmT35sgXAdbHG10tfnZ1oEiyCIbH8aGDmIqQmSTKL6ifGzqIbVBnvzBLlFSrWwmfRtKV04uzHVPRdgSht9QZp2YI3w9cEiNHC8%25HrxlrjFhnOqIbqcau7L3hGtUD5GknXIIjAxpXNCpLIDZHPoxiCjtrb4gwTZlL9%25UBFM9YLNoKGtXABNIqab9FSrW1vNyXq2FgXAXHXbMv6jQ%25Q9Z2YDafagbjmqn1nJADyLOEfyGqTJIs1WiL3uBrET2JdSeZsNEuzVMRpzeSkNh5uqiVA0ogSLkNF4HvVF30Kc%252NKJ4Wxfj0yucP81D4QlxbUEqcaF89GsLxlAUiprJ8m4Gw6ZuUAGptYRSDtb67m5VqztYCygNLc3mlTv0JnvyX324uY%25TQdjcSm43azDxKGCdnkq8WemzOALUPMrkIFJGbhRABKup9gaFeWS6ilbKMPVYwX0WhbNmtstPo90ys7BbHi4TrYB9%25wc3ZmiiftxdRMMw178z5JttECUkCaP7slGAlWbCrXpFXVclZQ6KQjSXRaYWab8Q5nmPnR0agOybOJynvIT9jlO,SUV-X4,BMW,X4,SUV,Petrol,Inline-4,2.0,,248,350,Automatic,8,AWD,6.4,235,4751,1918,1621,2864,1895,5,65.0,525,19,245/50R19,Strut,Multi-link,Vented Disc,Vented Disc,X4,SUV,Base,SUV,Partial
SUV,,X4,,https://prod.cosy.bmw.cloud/bmwweb/cosySec?COSY-EU-100-7331cqgv2Z7d%25i02uCaY3MuO2kdGmT35sgXAdbHG10tfnZ1oEiyCIbH8aGDmIqQmSTKL6ifGzqIbVBnvzBLlFSrWwmfRtKV04uzHVPRdgSht9QZp2YI3w9cEiNHC8%25HrxlrjFhnOqIbqcau7L3hGtUD5GknXIIjAxpXNCpLIDZHPoxiCjtrb4gwTZlL9%25UBFM9YLNoKGtXABNIqab9FSrW1vNyXq2FgXAXHXbMv6jQ%25Q9Z2YDafagbjmqn1nJADyLOEfyGqTJIs1WiL3uBrET2JdSeZsNEuzVMRpzeSkNh5uqiVA0ogSLkNF4HvVF30Kc%252NKJ4Wxfj0yucP81D4QlxbUEqcaF89GsLxlAUiprJ8m4Gw6ZuUAGptYRSDtb67m5VqztYCygNLc3mlTv0JnvyX324uY%25TQdjcSm43azDxKGCdnkq8WemzOALUPMrkIFJGbhRABKup9gaFeWS6ilbKMPVYwX0WhbNmtstPo90ys7BbHi4TrYB9%25wc3ZmiiftxdRMMw178z5JttECUkCaP7slGAlWbCrXpFXVclZQ6KQjSXRaYWab8Q5nmPnR0agOybOJynvIT9jlO,SUV-X4,BMW,X4,SUV,Diesel,Inline-4,2.0,,190,400,Automatic,8,AWD,7.9,213,4751,1918,1621,2864,1890,5,65.0,525,19,245/50R19,Strut,Multi-link,Vented Disc,Vented Disc,X4,SUV,Base,SUV,Partial
SUV,,X4,,https://prod.cosy.bmw.cloud/bmwweb/cosySec?COSY-EU-100-7331cqgv2Z7d%25i02uCaY3MuO2kdGmT35sgXAObHG10tfnZ1oEiyCIbH8aGDmIqQmSTKL6ifGzqIbVBnvzBLlFSrWwmfRtKV04uzHVPRdgSht9QZp2YI3w9cEiNHC8%25HrxlrjFhnOqIbqcau7L3hGtUD5GknXIIjAxpXNCpLIDZHPoxiCjtrb4gwTZlL9%25UBFM9YLNoKGtXABNIqab9FSrW1vNyXq2FgXAV2IguEi8shPLE4riIikascZwBwA%25rxRtetEkZ857M7vyRUgCheU05GvloMdFgp2XHhGrv6jQ%25oqh2YDaf4YQjmqn125FDyLOEjgmqTJIsDTpL3uBrq3vJdSeZLU2uzVMRJw9SkNh5utTVA0ogS9yNF4HvV8J0Kc%252Ny04WxfjRWkcP81D5YWxbUEqgup89GsLv7sUiprJ2xBGw6Zuj8JptYRS30b67m5VdQ8YCygNzaHmlTv0knfyX324AEtTQdjcF9k3azDxKiLdnkq8WoWzOALUoPXkIFJGHxXABKup%258FFeWS6faaKMPVY1vWWhbNmbtzPo90y9dkbHi4TiDu9%25wc3wZjiftxdtkVw178z7fLtECUkCvU7slGAZ9C,SUV-X4,BMW,X4,SUV,Petrol,Inline-4,2.0,,248,350,Automatic,8,AWD,6.4,235,4751,1918,1621,2864,1895,5,65.0,525,19,245/50R19,Strut,Multi-link,Vented Disc,Vented Disc,X4,SUV,Base,SUV,Partial
SUV,,X4,,https://prod.cosy.bmw.cloud/bmwweb/cosySec?COSY-EU-100-7331cqgv2Z7d%25i02uCaY3MuO2kdGmT35sgXAObHG10tfnZ1oEiyCIbH8aGDmIqQmSTKL6ifGzqIbVBnvzBLlFSrWwmfRtKV04uzHVPRdgSht9QZp2YI3w9cEiNHC8%25HrxlrjFhnOqIbqcau7L3hGtUD5GknXIIjAxpXNCpLIDZHPoxiCjtrb4gwTZlL9%25UBFM9YLNoKGtXABNIqab9FSrW1vNyXq2FgXAV2IguEi8shPLE4riIikascZwBwA%25rxRtetEkZ857M7vyRUgCheU05GvloMdFgp2XHhGrv6jQ%25oqh2YDaf4YQjmqn125FDyLOEjgmqTJIsDTpL3uBrq3vJdSeZLU2uzVMRJw9SkNh5utTVA0ogS9yNF4HvV8J0Kc%252Ny04WxfjRWkcP81D5YWxbUEqgup89GsLv7sUiprJ2xBGw6Zuj8JptYRS30b67m5VdQ8YCygNzaHmlTv0knfyX324AEtTQdjcF9k3azDxKiLdnkq8WoWzOALUoPXkIFJGHxXABKup%258FFeWS6faaKMPVY1vWWhbNmbtzPo90y9dkbHi4TiDu9%25wc3wZjiftxdtkVw178z7fLtECUkCvU7slGAZ9C,SUV-X4,BMW,X4,SUV,Diesel,Inline-4,2.0,,190,400,Automatic,8,AWD,7.9,213,4751,1918,1621,2864,1890,5,65.0,525,19,245/50R19,Strut,Multi-link,Vented Disc,Vented Disc,X4,SUV,Base,SUV,Partial
SUV,,X3,Od 263 500 zł,https://prod.cosy.bmw.cloud/bmwweb/cosySec?COSY-EU-100-7331cqgv2Z7d%25i02uCaY3MuO2kdGmT35sgXAsbDz10tfnZ1oEiyCIbH8aGDmIqQmSTKL6ifG70qbX0x1RCzPhe00JkyyXqcfbYZ9Whc91kUrOpTSXB3GZ5gscCZ6B4Mrt3mFILoub0TmvayRCzjlCO2kOHUtWPfbYfv2sd10tq3D%25eqxWAbbH82LARzL1b%25IC672yzH3OYgMTNIcomlD9Uwmu1R7Gq3A89RbfKYmUrOpQhRVAfoUMA8ZobMsayjnt61agOybyxKnvIT9T8lO2B3i3UOIjedwdn8BDMztia0eqhk7wqgMLoACtEqhJHFl7LIou%25KXC17HSfWQlER%25V1Pa2ZsfNEbnjhL10s9ODoZE4riIq49scZwBL1FrxRteJQrZ857MulfRUgChZD25GvloRedgp2XH5Mlv6jQ%25gZp2YDafvYijmqn12mIDyLOEjyBqTJIsDxgL3uBrq8TJdSeZLimuzVMRJW8SkNh5uPUVA0ogSElNF4HvV8N0Kc%252Ny04WxfjRWkcP81D5YWxbUEqgup89GsLv7XUiprJ2ChGw6ZujoeptYRSDUW67m5Vd49YCygNzK7mlTv0knGyX324AOfTQdjcFAq3azDxKo1dnkq8WwHzOALUoPXkIFJGHxXABKup%25QQFeWS6fgKKMPVY1p2WhbNmEipPo90y97kbHi4TizA9%25wc3wqSiftxdtTyw178z75qtECUkCF27slGAlK4CrXpFXsSlZQ6KQD6XRaYWgBwQ5nmPv7aagOyb2V7nvIT9jqhO2B3iDLoIjedwq2XBDMztLjoeqhk7JDUMLoACuqwhJHFlR%25m,SUV-X3,BMW,X3,SUV,Petrol,Inline-4,2.0,,248,350,Automatic,8,AWD,6.3,235,4708,1891,1676,2864,1890,5,65.0,550,19,245/50R19,Double Joint Spring,Multi-link,Vented Disc,Vented Disc,X3,SUV,Base,SUV,Partial
SUV,,X3,Od 263 500 zł,https://prod.cosy.bmw.cloud/bmwweb/cosySec?COSY-EU-100-7331cqgv2Z7d%25i02uCaY3MuO2kdGmT35sgXAsbDz10tfnZ1oEiyCIbH8aGDmIqQmSTKL6ifG70qbX0x1RCzPhe00JkyyXqcfbYZ9Whc91kUrOpTSXB3GZ5gscCZ6B4Mrt3mFILoub0TmvayRCzjlCO2kOHUtWPfbYfv2sd10tq3D%25eqxWAbbH82LARzL1b%25IC672yzH3OYgMTNIcomlD9Uwmu1R7Gq3A89RbfKYmUrOpQhRVAfoUMA8ZobMsayjnt61agOybyxKnvIT9T8lO2B3i3UOIjedwdn8BDMztia0eqhk7wqgMLoACtEqhJHFl7LIou%25KXC17HSfWQlER%25V1Pa2ZsfNEbnjhL10s9ODoZE4riIq49scZwBL1FrxRteJQrZ857MulfRUgChZD25GvloRedgp2XH5Mlv6jQ%25gZp2YDafvYijmqn12mIDyLOEjyBqTJIsDxgL3uBrq8TJdSeZLimuzVMRJW8SkNh5uPUVA0ogSElNF4HvV8N0Kc%252Ny04WxfjRWkcP81D5YWxbUEqgup89GsLv7XUiprJ2ChGw6ZujoeptYRSDUW67m5Vd49YCygNzK7mlTv0knGyX324AOfTQdjcFAq3azDxKo1dnkq8WwHzOALUoPXkIFJGHxXABKup%25QQFeWS6fgKKMPVY1p2WhbNmEipPo90y97kbHi4TizA9%25wc3wqSiftxdtTyw178z75qtECUkCF27slGAlK4CrXpFXsSlZQ6KQD6XRaYWgBwQ5nmPv7aagOyb2V7nvIT9jqhO2B3iDLoIjedwq2XBDMztLjoeqhk7JDUMLoACuqwhJHFlR%25m,SUV-X3,BMW,X3,SUV,Plug-in Hybrid,Inline-4,2.0,19.7,292,420,Automatic,8,AWD,6.1,210,4708,1891,1676,2864,2065,5,50.0,450,19,245/50R19,Strut,Multi-link,Vented Disc,Vented Disc,X3,SUV,Base,SUV,Partial
SUV,,X3,Od 263 500 zł,https://prod.cosy.bmw.cloud/bmwweb/cosySec?COSY-EU-100-7331cqgv2Z7d%25i02uCaY3MuO2kdGmT35sgXAsbDz10tfnZ1oEiyCIbH8aGDmIqQmSTKL6ifG70qbX0x1RCzPhe00JkyyXqcfbYZ9Whc91kUrOpTSXB3GZ5gscCZ6B4Mrt3mFILoub0TmvayRCzjlCO2kOHUtWPfbYfv2sd10tq3D%25eqxWAbbH82LARzL1b%25IC672yzH3OYgMTNIcomlD9Uwmu1R7Gq3A89RbfKYmUrOpQhRVAfoUMA8ZobMsayjnt61agOybyxKnvIT9T8lO2B3i3UOIjedwdn8BDMztia0eqhk7wqgMLoACtEqhJHFl7LIou%25KXC17HSfWQlER%25V1Pa2ZsfNEbnjhL10s9ODoZE4riIq49scZwBL1FrxRteJQrZ857MulfRUgChZD25GvloRedgp2XH5Mlv6jQ%25gZp2YDafvYijmqn12mIDyLOEjyBqTJIsDxgL3uBrq8TJdSeZLimuzVMRJW8SkNh5uPUVA0ogSElNF4HvV8N0Kc%252Ny04WxfjRWkcP81D5YWxbUEqgup89GsLv7XUiprJ2ChGw6ZujoeptYRSDUW67m5Vd49YCygNzK7mlTv0knGyX324AOfTQdjcFAq3azDxKo1dnkq8WwHzOALUoPXkIFJGHxXABKup%25QQFeWS6fgKKMPVY1p2WhbNmEipPo90y97kbHi4TizA9%25wc3wqSiftxdtTyw178z75qtECUkCF27slGAlK4CrXpFXsSlZQ6KQD6XRaYWgBwQ5nmPv7aagOyb2V7nvIT9jqhO2B3iDLoIjedwq2XBDMztLjoeqhk7JDUMLoACuqwhJHFlR%25m,SUV-X3,BMW,X3,SUV,Diesel,Inline-4,2.0,,190,400,Automatic,8,AWD,7.9,213,4708,1891,1676,2864,1885,5,65.0,550,19,245/50R19,Strut,Multi-link,Vented Disc,Vented Disc,X3,SUV,Base,SUV,Partial
SUV,,X3,Od 380 500 zł,https://prod.cosy.bmw.cloud/bmwweb/cosySec?COSY-EU-100-7331cqgv2Z7d%25i02uCaY3MuO2kdGmT35sgXASbDz10tfnZ1oEiyCIbH8aGDmIqQmSTKL6ifG70qbX0x1RCzPhe00JkyyXqcfbYZ9Whc91kUrOpTSXB3GZ5gscCZ6B4Mrt3mFILoub0TmvayRCzjlCO2kOHUtWPfbYfvM1i10tq3D%25eqxWAbbH82LARzL1b%25IC672yzH3OYgMTNI%25omlD9Uwmu1R7Gq3A89RbfKYmUrOpQhRVAfoUMA8ZobMsayjnt61agOybyxKnvIT9T8lO2B3i3UOIjedwdn8BDMztiD5eqhk7w1DMLoACtqOhJHFl7ftou%25KXC1KHSfWQlEm%25V1PaXs5fNEbnjRr10s9ODQFE4riIqHRscZwBLcnrxRteJptZ857MusWRUgChSX25GvloVQKgp2XHNqzv6jQ%25gJq2YDafvoAjmqn12HaDyLOEjgmqTJIsDT7L3uBrq5PJdSeZLgauzVMRJGjSkNh5upzVA0ogSbGNF4HvVy10Kc%252NrQ4Wxfj0G4cP81D4pBxbUEqcdx89GsLv9KUiprJ2T9Gw6ZujNmptYRSDXt67m5VqQ%25YCygNLpfmlTv0kxwyX324APlTQdjcFI63azDxKBEdnkq8WerzOALUPRXkIFJGbPSABKup91ZFeWS6ilEKMPVY1GnWhbNmEOOPo90ysjbbHi4Trmq9%25wc3Z8SiftxdtXKw178z7FWtECUkCu07slGAlzdCrXpFX2ulZQ6KQPqXRaYWab8Q5nmPnR0agOyb257nvIT9jgeO2B3iDvcIjedwq2b,SUV-X3,BMW,X3,SUV,Petrol,Inline-4,2.0,,248,350,Automatic,8,AWD,6.3,235,4708,1891,1676,2864,1890,5,65.0,550,19,245/50R19,Double Joint Spring,Multi-link,Vented Disc,Vented Disc,X3,SUV,Base,SUV,Partial
SUV,,X3,Od 380 500 zł,https://prod.cosy.bmw.cloud/bmwweb/cosySec?COSY-EU-100-7331cqgv2Z7d%25i02uCaY3MuO2kdGmT35sgXASbDz10tfnZ1oEiyCIbH8aGDmIqQmSTKL6ifG70qbX0x1RCzPhe00JkyyXqcfbYZ9Whc91kUrOpTSXB3GZ5gscCZ6B4Mrt3mFILoub0TmvayRCzjlCO2kOHUtWPfbYfvM1i10tq3D%25eqxWAbbH82LARzL1b%25IC672yzH3OYgMTNI%25omlD9Uwmu1R7Gq3A89RbfKYmUrOpQhRVAfoUMA8ZobMsayjnt61agOybyxKnvIT9T8lO2B3i3UOIjedwdn8BDMztiD5eqhk7w1DMLoACtqOhJHFl7ftou%25KXC1KHSfWQlEm%25V1PaXs5fNEbnjRr10s9ODQFE4riIqHRscZwBLcnrxRteJptZ857MusWRUgChSX25GvloVQKgp2XHNqzv6jQ%25gJq2YDafvoAjmqn12HaDyLOEjgmqTJIsDT7L3uBrq5PJdSeZLgauzVMRJGjSkNh5upzVA0ogSbGNF4HvVy10Kc%252NrQ4Wxfj0G4cP81D4pBxbUEqcdx89GsLv9KUiprJ2T9Gw6ZujNmptYRSDXt67m5VqQ%25YCygNLpfmlTv0kxwyX324APlTQdjcFI63azDxKBEdnkq8WerzOALUPRXkIFJGbPSABKup91ZFeWS6ilEKMPVY1GnWhbNmEOOPo90ysjbbHi4Trmq9%25wc3Z8SiftxdtXKw178z7FWtECUkCu07slGAlzdCrXpFX2ulZQ6KQPqXRaYWab8Q5nmPnR0agOyb257nvIT9jgeO2B3iDvcIjedwq2b,SUV-X3,BMW,X3,SUV,Plug-in Hybrid,Inline-4,2.0,19.7,292,420,Automatic,8,AWD,6.1,210,4708,1891,1676,2864,2065,5,50.0,450,19,245/50R19,Strut,Multi-link,Vented Disc,Vented Disc,X3,SUV,Base,SUV,Partial
SUV,,X3,Od 380 500 zł,https://prod.cosy.bmw.cloud/bmwweb/cosySec?COSY-EU-100-7331cqgv2Z7d%25i02uCaY3MuO2kdGmT35sgXASbDz10tfnZ1oEiyCIbH8aGDmIqQmSTKL6ifG70qbX0x1RCzPhe00JkyyXqcfbYZ9Whc91kUrOpTSXB3GZ5gscCZ6B4Mrt3mFILoub0TmvayRCzjlCO2kOHUtWPfbYfvM1i10tq3D%25eqxWAbbH82LARzL1b%25IC672yzH3OYgMTNI%25omlD9Uwmu1R7Gq3A89RbfKYmUrOpQhRVAfoUMA8ZobMsayjnt61agOybyxKnvIT9T8lO2B3i3UOIjedwdn8BDMztiD5eqhk7w1DMLoACtqOhJHFl7ftou%25KXC1KHSfWQlEm%25V1PaXs5fNEbnjRr10s9ODQFE4riIqHRscZwBLcnrxRteJptZ857MusWRUgChSX25GvloVQKgp2XHNqzv6jQ%25gJq2YDafvoAjmqn12HaDyLOEjgmqTJIsDT7L3uBrq5PJdSeZLgauzVMRJGjSkNh5upzVA0ogSbGNF4HvVy10Kc%252NrQ4Wxfj0G4cP81D4pBxbUEqcdx89GsLv9KUiprJ2T9Gw6ZujNmptYRSDXt67m5VqQ%25YCygNLpfmlTv0kxwyX324APlTQdjcFI63azDxKBEdnkq8WerzOALUPRXkIFJGbPSABKup91ZFeWS6ilEKMPVY1GnWhbNmEOOPo90ysjbbHi4Trmq9%25wc3Z8SiftxdtXKw178z7FWtECUkCu07slGAlzdCrXpFX2ulZQ6KQPqXRaYWab8Q5nmPnR0agOyb257nvIT9jgeO2B3iDvcIjedwq2b,SUV-X3,BMW,X3,SUV,Diesel,Inline-4,2.0,,190,400,Automatic,8,AWD,7.9,213,4708,1891,1676,2864,1885,5,65.0,550,19,245/50R19,Strut,Multi-link,Vented Disc,Vented Disc,X3,SUV,Base,SUV,Partial
SUV,,X2,Od 208 500 zł,https://prod.cosy.bmw.cloud/bmwweb/cosySec?COSY-EU-100-7331cqgv2Z7d%25i02uCaY3MuO2kdGmT35sgXA9bDa10tfnZ1oEiyCIbH8aGDmIqQmSTKL6ifG70qbX0x1RCzPhe00JkyyXqcfbYZ9Whc91kUrOpTSXB3GZ5gscCZ6B4Mrt3mFILoub0TmvayRCzjlCO2kOHUtWPfbYfvsix10tq3D%25eqxWAbbH82LARzL1b%25IC672yzH3OYgMTNIcamlD9Uwmu1R7Gq3A89RbfKYmUrOpQhRVAfoUMA8ZobMsayjnt61agOybyX4nvIT9TPlO2B3ibVcIjedw928BDMztr90eqhk7ZnHMLoACR0GhJHFlMJ2ou%25KXhuIHSfWQoyu%25V1PaHvefNEbn%25xG10s9OfZhE4riIXv0scZwBQh5rxRteaptZ857MnseRUgChD%2545Gvloqmsgp2XHLyPv6jQ%25JLn2YDafz88jmqn1k%25xDyLOELZ5,SUV-X2,BMW,X2,SUV,Petrol,Inline-4,2.0,,241,400,Automatic,7,AWD,6.3,240,4554,1845,1590,2692,1730,5,54.0,470,19,245/45R19,Strut,Multi-link,Vented Disc,Vented Disc,X2,SUV,Base,SUV,Partial
SUV,,X2,Od 208 500 zł,https://prod.cosy.bmw.cloud/bmwweb/cosySec?COSY-EU-100-7331cqgv2Z7d%25i02uCaY3MuO2kdGmT35sgXA9bDa10tfnZ1oEiyCIbH8aGDmIqQmSTKL6ifG70qbX0x1RCzPhe00JkyyXqcfbYZ9Whc91kUrOpTSXB3GZ5gscCZ6B4Mrt3mFILoub0TmvayRCzjlCO2kOHUtWPfbYfvsix10tq3D%25eqxWAbbH82LARzL1b%25IC672yzH3OYgMTNIcamlD9Uwmu1R7Gq3A89RbfKYmUrOpQhRVAfoUMA8ZobMsayjnt61agOybyX4nvIT9TPlO2B3ibVcIjedw928BDMztr90eqhk7ZnHMLoACR0GhJHFlMJ2ou%25KXhuIHSfWQoyu%25V1PaHvefNEbn%25xG10s9OfZhE4riIXv0scZwBQh5rxRteaptZ857MnseRUgChD%2545Gvloqmsgp2XHLyPv6jQ%25JLn2YDafz88jmqn1k%25xDyLOELZ5,SUV-X2,BMW,X2,SUV,Diesel,Inline-4,2.0,,150,350,Automatic,8,FWD/AWD,8.3,210,4554,1845,1590,2692,1675,5,51.0,470,18,225/50R18,Strut,Multi-link,Vented Disc,Vented Disc,X2,SUV,Base,SUV,Partial
SUV,,X2,Od 287 500 zł,https://prod.cosy.bmw.cloud/bmwweb/cosySec?COSY-EU-100-7331cqgv2Z7d%25i02uCaY3MuO2kdGmT35sgXAebDa10tfnZ1oEiyCIbH8aGDmIqQmSTKL6ifG70qbX0x1RCzPhe00JkyyXqcfbYZ9Whc91kUrOpTSXB3GZ5gscCZ6B4Mrt3mFILoub0TmvayRCzjlCO2kOHUtWPfbYfv2Zg10tq3D%25eqxWAbbH82LARzL1b%25IC672yzH3OYgMTNI9YmlD9Uwmu1R7Gq3A89RbfKYmUrOpQhRVAfoUMA8ZobMsayjnt61agOybyDvnvIT9T8WO2B3i3axIjedwdrZBDMztiD5eqhk7w1DMLoACtcGhJHFl7LIou%25KXC17HSfWQlEm%25V1Pa2ZsfNEbnjXp10s9ODoZE4riIq4ascZwBL1urxRteJYzZ857MulxRUgChSXF5GvloRqjgp2XH5rcv6jQ%25g6x2YDafvYZjmqn12rCDyLOEjPpqTJIsDUML3uBrqNCJdSeZfgNuzVMR1KMSkNh5EWkVA0ogsPmNF4HvrSX0Kc%252ZV34WxfjpgzcP81D6JAxbUEqYBF89GsLm70UiprJyCeGw6ZuTlhptYRS3Hb67m5Vd3vYCygNzWBmlTv0ISUyX324B8tTQdjcett3azDxMsddnkq8hcZzOALUouvkIFJGF6fABKupKIRFeWS6hB3KMPVYoe9WhbNmHMgPo90y%25h6,SUV-X2,BMW,X2,SUV,Petrol,Inline-4,2.0,,241,400,Automatic,7,AWD,6.3,240,4554,1845,1590,2692,1730,5,54.0,470,19,245/45R19,Strut,Multi-link,Vented Disc,Vented Disc,X2,SUV,Base,SUV,Partial
SUV,,X2,Od 287 500 zł,https://prod.cosy.bmw.cloud/bmwweb/cosySec?COSY-EU-100-7331cqgv2Z7d%25i02uCaY3MuO2kdGmT35sgXAebDa10tfnZ1oEiyCIbH8aGDmIqQmSTKL6ifG70qbX0x1RCzPhe00JkyyXqcfbYZ9Whc91kUrOpTSXB3GZ5gscCZ6B4Mrt3mFILoub0TmvayRCzjlCO2kOHUtWPfbYfv2Zg10tq3D%25eqxWAbbH82LARzL1b%25IC672yzH3OYgMTNI9YmlD9Uwmu1R7Gq3A89RbfKYmUrOpQhRVAfoUMA8ZobMsayjnt61agOybyDvnvIT9T8WO2B3i3axIjedwdrZBDMztiD5eqhk7w1DMLoACtcGhJHFl7LIou%25KXC17HSfWQlEm%25V1Pa2ZsfNEbnjXp10s9ODoZE4riIq4ascZwBL1urxRteJYzZ857MulxRUgChSXF5GvloRqjgp2XH5rcv6jQ%25g6x2YDafvYZjmqn12rCDyLOEjPpqTJIsDUML3uBrqNCJdSeZfgNuzVMR1KMSkNh5EWkVA0ogsPmNF4HvrSX0Kc%252ZV34WxfjpgzcP81D6JAxbUEqYBF89GsLm70UiprJyCeGw6ZuTlhptYRS3Hb67m5Vd3vYCygNzWBmlTv0ISUyX324B8tTQdjcett3azDxMsddnkq8hcZzOALUouvkIFJGF6fABKupKIRFeWS6hB3KMPVYoe9WhbNmHMgPo90y%25h6,SUV-X2,BMW,X2,SUV,Diesel,Inline-4,2.0,,150,350,Automatic,8,FWD/AWD,8.3,210,4554,1845,1590,2692,1675,5,51.0,470,18,225/50R18,Strut,Multi-link,Vented Disc,Vented Disc,X2,SUV,Base,SUV,Partial
SUV,,X1,Od 189 500 zł,https://prod.cosy.bmw.cloud/bmwweb/cosySec?COSY-EU-100-7331cqgv2Z7d%25i02uCaY3MuO2kdGmT35sgXAHbQh10tfnZ1oEiyCIbH8aGDmIqQmSTKL6ifG70qbX0x1RCzPhe00JkyyXqcfbYZ9Whc91kUrOpTSXB3GZ5gscCZ6B4Mrt3mFILoub0TmvayRCzjlCO2kOHUtWPfbYf6Jdi10tq3D%25eqxWAbbH82LARzL1b%25IC672yzH3OYgMTNI%25YmlD9Uwmu1R7Gq3A89RbfKYmUrOpQhRVAfoUMA8ZobMsayjnt61agOybyxKnvIT9T8lO2B3i3axIjedwd9jBDMztiD5eqhk7w1DMLoACtcGhJHFl7L6ou%25KXC17HSfWQlEW%25V1PaXsNfNEbnjRr10s9ODoZE4riIqU6scZwBL7nrxRtes2gZ857MrITRUgChZE85GvloRG4gp2XH5psv6jQ%25gE22YDafvs7jmqn12iYDyLOEjc5qTJIsDb6L3uBrqAWJdSeZL0JuzVMRJ4XSkNh5E8zVA0ogsjcNF4HvrbH0Kc%252Z9K4WxfjRi3cP81D50zxbUEqY2A89GsLmjFUiprJyVWGw6ZuTNPptYRS3ob67m5VdH9YCygNzaUmlTv0kn%25yX324AO1TQdjcFs73azDxKrZdnkq8WKJzOALUP%25skIFJGb7fABKup%25UgFeWS6fcvKMPVYPwdWhbNmb3zPo90y9jJbHi4TimY9%25wc3wZjiftxdtkgw178z7ANtECUkC1J7slGAZnbCrXpFRillZQ6K5rX,SUV-X1,BMW,X1,SUV,Plug-in Hybrid,Inline-3,1.5,16.3,245,385,Automatic,7,AWD,6.8,205,4500,1845,1642,2692,1940,5,47.0,490,18,225/55R18,Strut,Multi-link,Vented Disc,Vented Disc,X1,SUV,Base,SUV,Partial
SUV,,X1,Od 189 500 zł,https://prod.cosy.bmw.cloud/bmwweb/cosySec?COSY-EU-100-7331cqgv2Z7d%25i02uCaY3MuO2kdGmT35sgXAHbQh10tfnZ1oEiyCIbH8aGDmIqQmSTKL6ifG70qbX0x1RCzPhe00JkyyXqcfbYZ9Whc91kUrOpTSXB3GZ5gscCZ6B4Mrt3mFILoub0TmvayRCzjlCO2kOHUtWPfbYf6Jdi10tq3D%25eqxWAbbH82LARzL1b%25IC672yzH3OYgMTNI%25YmlD9Uwmu1R7Gq3A89RbfKYmUrOpQhRVAfoUMA8ZobMsayjnt61agOybyxKnvIT9T8lO2B3i3axIjedwd9jBDMztiD5eqhk7w1DMLoACtcGhJHFl7L6ou%25KXC17HSfWQlEW%25V1PaXsNfNEbnjRr10s9ODoZE4riIqU6scZwBL7nrxRtes2gZ857MrITRUgChZE85GvloRG4gp2XH5psv6jQ%25gE22YDafvs7jmqn12iYDyLOEjc5qTJIsDb6L3uBrqAWJdSeZL0JuzVMRJ4XSkNh5E8zVA0ogsjcNF4HvrbH0Kc%252Z9K4WxfjRi3cP81D50zxbUEqY2A89GsLmjFUiprJyVWGw6ZuTNPptYRS3ob67m5VdH9YCygNzaUmlTv0kn%25yX324AO1TQdjcFs73azDxKrZdnkq8WKJzOALUP%25skIFJGb7fABKup%25UgFeWS6fcvKMPVYPwdWhbNmb3zPo90y9jJbHi4TimY9%25wc3wZjiftxdtkgw178z7ANtECUkC1J7slGAZnbCrXpFRillZQ6K5rX,SUV-X1,BMW,X1,SUV,Petrol,Inline-3,1.5,,134,220,Automatic,7,FWD,9.2,208,4500,1845,1642,2692,1520,5,54.0,540,18,225/55R18,Strut,Multi-link,Vented Disc,Vented Disc,X1,SUV,Base,SUV,Partial
SUV,,X1,Od 189 500 zł,https://prod.cosy.bmw.cloud/bmwweb/cosySec?COSY-EU-100-7331cqgv2Z7d%25i02uCaY3MuO2kdGmT35sgXAHbQh10tfnZ1oEiyCIbH8aGDmIqQmSTKL6ifG70qbX0x1RCzPhe00JkyyXqcfbYZ9Whc91kUrOpTSXB3GZ5gscCZ6B4Mrt3mFILoub0TmvayRCzjlCO2kOHUtWPfbYf6Jdi10tq3D%25eqxWAbbH82LARzL1b%25IC672yzH3OYgMTNI%25YmlD9Uwmu1R7Gq3A89RbfKYmUrOpQhRVAfoUMA8ZobMsayjnt61agOybyxKnvIT9T8lO2B3i3axIjedwd9jBDMztiD5eqhk7w1DMLoACtcGhJHFl7L6ou%25KXC17HSfWQlEW%25V1PaXsNfNEbnjRr10s9ODoZE4riIqU6scZwBL7nrxRtes2gZ857MrITRUgChZE85GvloRG4gp2XH5psv6jQ%25gE22YDafvs7jmqn12iYDyLOEjc5qTJIsDb6L3uBrqAWJdSeZL0JuzVMRJ4XSkNh5E8zVA0ogsjcNF4HvrbH0Kc%252Z9K4WxfjRi3cP81D50zxbUEqY2A89GsLmjFUiprJyVWGw6ZuTNPptYRS3ob67m5VdH9YCygNzaUmlTv0kn%25yX324AO1TQdjcFs73azDxKrZdnkq8WKJzOALUP%25skIFJGb7fABKup%25UgFeWS6fcvKMPVYPwdWhbNmb3zPo90y9jJbHi4TimY9%25wc3wZjiftxdtkgw178z7ANtECUkC1J7slGAZnbCrXpFRillZQ6K5rX,SUV-X1,BMW,X1,SUV,Diesel,Inline-4,2.0,,150,360,Automatic,8,FWD/AWD,8.9,208,4500,1845,1642,2692,1600,5,54.0,540,18,225/55R18,Strut,Multi-link,Vented Disc,Vented Disc,X1,SUV,Base,SUV,Partial
SUV,,X1,Od 278 500 zł,https://prod.cosy.bmw.cloud/bmwweb/cosySec?COSY-EU-100-7331cqgv2Z7d%25i02uCaY3MuO2kdGmT35sgXAdbQT10tfnZ1oEiyCIbH8aGDmIqQmSTKL6ifG70qbX0x1RCzPhe00JkyyXqcfbYZ9Whc91kUrOpTSXB3GZ5gscCZ6B4Mrt3mFILoub0TmvayRCzjlCO2kOHUtWPfbYfvsUz10tq3D%25eqxWAbbH82LARzL1b%25IC672yzH3OYgMTNIcomlD9Uwmu1R7Gq3A89RbfKYmUrOpQhRVAfoUMA8ZobMsayjnt61agOybyDvnvIT9TPsO2B3ibVcIjedw92QBDMztio9eqhk7wHGMLoACR1%25hJHFl5Ifou%25KXgPKHSfWQorE%25V1PaHlGfNEbn%25hV10s9Of0JE4riI14oscZwBEk4rxRtes3NZ857MravRUgChZjW5GvloIfjgp2XHByXv6jQ%25eT62YDafMgxjmqn1SHUDyLOEVZpqTJIsNt6L3uBr0A2JdSeZ4F7uzVMRcKlSkNh5xcHVA0og8wlNF4HvUmt0Kc%252wqz4WxfjtzzcP81D7IxxbUEqCje89GsLlZHUiprJp9eGw6Zu7i4ptYRSCwy67m5VlthYCygNX7u,SUV-X1,BMW,X1,SUV,Plug-in Hybrid,Inline-3,1.5,16.3,245,385,Automatic,7,AWD,6.8,205,4500,1845,1642,2692,1940,5,47.0,490,18,225/55R18,Strut,Multi-link,Vented Disc,Vented Disc,X1,SUV,Base,SUV,Partial
SUV,,X1,Od 278 500 zł,https://prod.cosy.bmw.cloud/bmwweb/cosySec?COSY-EU-100-7331cqgv2Z7d%25i02uCaY3MuO2kdGmT35sgXAdbQT10tfnZ1oEiyCIbH8aGDmIqQmSTKL6ifG70qbX0x1RCzPhe00JkyyXqcfbYZ9Whc91kUrOpTSXB3GZ5gscCZ6B4Mrt3mFILoub0TmvayRCzjlCO2kOHUtWPfbYfvsUz10tq3D%25eqxWAbbH82LARzL1b%25IC672yzH3OYgMTNIcomlD9Uwmu1R7Gq3A89RbfKYmUrOpQhRVAfoUMA8ZobMsayjnt61agOybyDvnvIT9TPsO2B3ibVcIjedw92QBDMztio9eqhk7wHGMLoACR1%25hJHFl5Ifou%25KXgPKHSfWQorE%25V1PaHlGfNEbn%25hV10s9Of0JE4riI14oscZwBEk4rxRtes3NZ857MravRUgChZjW5GvloIfjgp2XHByXv6jQ%25eT62YDafMgxjmqn1SHUDyLOEVZpqTJIsNt6L3uBr0A2JdSeZ4F7uzVMRcKlSkNh5xcHVA0og8wlNF4HvUmt0Kc%252wqz4WxfjtzzcP81D7IxxbUEqCje89GsLlZHUiprJp9eGw6Zu7i4ptYRSCwy67m5VlthYCygNX7u,SUV-X1,BMW,X1,SUV,Petrol,Inline-3,1.5,,134,220,Automatic,7,FWD,9.2,208,4500,1845,1642,2692,1520,5,54.0,540,18,225/55R18,Strut,Multi-link,Vented Disc,Vented Disc,X1,SUV,Base,SUV,Partial
SUV,,X1,Od 278 500 zł,https://prod.cosy.bmw.cloud/bmwweb/cosySec?COSY-EU-100-7331cqgv2Z7d%25i02uCaY3MuO2kdGmT35sgXAdbQT10tfnZ1oEiyCIbH8aGDmIqQmSTKL6ifG70qbX0x1RCzPhe00JkyyXqcfbYZ9Whc91kUrOpTSXB3GZ5gscCZ6B4Mrt3mFILoub0TmvayRCzjlCO2kOHUtWPfbYfvsUz10tq3D%25eqxWAbbH82LARzL1b%25IC672yzH3OYgMTNIcomlD9Uwmu1R7Gq3A89RbfKYmUrOpQhRVAfoUMA8ZobMsayjnt61agOybyDvnvIT9TPsO2B3ibVcIjedw92QBDMztio9eqhk7wHGMLoACR1%25hJHFl5Ifou%25KXgPKHSfWQorE%25V1PaHlGfNEbn%25hV10s9Of0JE4riI14oscZwBEk4rxRtes3NZ857MravRUgChZjW5GvloIfjgp2XHByXv6jQ%25eT62YDafMgxjmqn1SHUDyLOEVZpqTJIsNt6L3uBr0A2JdSeZ4F7uzVMRcKlSkNh5xcHVA0og8wlNF4HvUmt0Kc%252wqz4WxfjtzzcP81D7IxxbUEqCje89GsLlZHUiprJp9eGw6Zu7i4ptYRSCwy67m5VlthYCygNX7u,SUV-X1,BMW,X1,SUV,Diesel,Inline-4,2.0,,150,360,Automatic,8,FWD/AWD,8.9,208,4500,1845,1642,2692,1600,5,54.0,540,18,225/55R18,Strut,Multi-link,Vented Disc,Vented Disc,X1,SUV,Base,SUV,Partial
Kabriolet,,M4,Od 552 500 zł,https://prod.cosy.bmw.cloud/bmwweb/cosySec?COSY-EU-100-7331cqgv2Z7d%25i02uCaY3MuO2kdGmT35sgXAObby10tfnZ1oEiyCIbH8aGDmIqQmSTKL6ifG70qbX0x1RCzPhe00vkayXqcfbYZ9Whc91kUrOpTSXB3GZ5gscCZ6B4Mrt3mFILoub0TmvayRCzjlCO2kOHUtWPfbYf0jPy10tq3D%25eqxWAbbH82LARzL1b%25IC672yzH3OYgMTO4%25imlD9Uwmu1R7Gq3A89RbfKYmUrOpQhRVAfoUMA8ACAYwhJHFlFe6ou%25KXKP7HSfWQW8R%25V1PaXVqfNEbnQ5V10s9Oa6TE4riIn0SscZwBO5nrxRteIgkZ857MujvRUgChSE25GvloVQggp2XHNaWv6jQ%2508W2YDafvR6jmqn12mUDyLOEjy5qTJIsDRXL3uBrq8BJdSeZLibuzVMRJwySkNh5uY%25VA0ogS%25oNF4HvV8J0Kc%252Nyd4WxfjRWkcP81D5YAxbUEqgmP89GsLvS6UiprJ2CrGw6ZujldptYRSDXF67m5VqQWYCygNLpomlTv0J69yX324A8tTQdjcFbX3azDxKBYdnkq8WeszOALUPMZkIFJGb5QABKup9gvFeWS6i9NKMPVYws5WhbNmtQrPo90y7w6bHi4TrY49%25wc3ZeeiftxdRLww178z5GNtECUkgpb7slGAlnbCrXpFXP9lZQ6KQNxXRaYWaDVQ5nmPn9JagOybOiGnvIT9Igc,Kabriolet-M4,BMW,M4 Convertible,Convertible,Petrol,Inline-6,3.0,,503,650,Automatic,8,AWD,3.7,280,4794,1887,1393,2857,1995,4,59.0,385,19,275/35R19,Strut,Multi-link,Vented Disc,Vented Disc,M4,Convertible,Convertible,Performance,Partial
Sedan,,M3,Od 462 500 zł,https://prod.cosy.bmw.cloud/bmwweb/cosySec?COSY-EU-100-7331cqgv2Z7d%25i02uCaY3MuO2kdGmT35sgXAdb7v10tfnZ1oEiyCIbH8aGDmIqQmSTKL6ifG70qbX0x1RCzPhe00vkayXqcfbYZ9Whc91kUrOpTSXB3GZ5gscCZ6B4Mrt3mFILoub0TmvayRCzjlCO2kOHUtWPfbYf0jsd10tq3D%25eqxWAbbH82LARzL1b%25IC672yzH3OYgMTOCMlmlD9Uwmu1R7Gq3A89RbfKYmUrOpQhRVAfoUMA8ACAYwhJHFlFe6ou%25KXKP7HSfWQWvD%25V1PaXVqfNEbnQ5V10s9OaNuE4riInRascZwBO5zrxRteJ2gZ857MuIpRUgChSE25GvloVTFgp2XHNamv6jQ%250nP2YDafvR6jmqn12mUDyLOEjy5qTJIsDRXL3uBrq8BJdSeZLibuzVMRJwySkNh5uY%25VA0ogS%25oNF4HvV8J0Kc%252Nyd4WxfjRWkcP81D5YAxbUEqgmP89GsLvS6UiprJ2CrGw6ZujldptYRSDXF67m5VqQWYCygNLpomlTv0J6vyX324uYiTQdjcFU73azDxK9Qdnkq8WemzOALUPMrkIFJGbhRABKup9gaFeWS6iv2KMPVYwi0WhbNmtrgPo90y7aZbHi4TCtY9%25wc3ZljiftxdRyxw178z5hhtECUkgu77slGAv64CrXpF2YilZQ6KQIiXRaYWa9wQ5nmPn4UagOybOL0nvIT9IwSO2B3iBt6Ijedwe28,Sedan-M3,BMW,M3,Sedan,Petrol,Inline-6,3.0,,473,550,Manual/Automatic,6/8,RWD/AWD,4.1,290,4794,1903,1433,2857,1780,5,59.0,480,19,275/35R19,Strut,Multi-link,Vented Disc,Vented Disc,M3,Sedan,Base,Performance,Partial
Touring,,M3,Od 522 500 zł,https://prod.cosy.bmw.cloud/bmwweb/cosySec?COSY-EU-100-7331cqgv2Z7d%25i02uCaY3MuO2kdGmT35sgXA9bDX10tfnZ1oEiyCIbH8aGDmIqQmSTKL6ifG70qbX0x1RCzPhe00vkayXqcfbYZ9Whc91kUrOpTSXB3GZ5gscCZ6B4Mrt3mFILoub0TmvayRCzjlCO2kOHUtWPfbYf0jPy10tq3D%25eqxWAbbH82LARzL1b%25IC672yzH3OYgMTOC%25AmlD9Uwmu1R7Gq3A89RbfKYmUrOpQhRVAfoUMA8ZobMsayjnt61agOybyxKnvIT9TQcO2B3i3zPIjedwdsRBDMztiD5eqhk7w1DMLoACtf6hJHFl7Ljou%25KXC17HSfWQlEm%25V1Pa2ZsfNEbnjhr10s9ODj6E4riIqp3scZwBL7wrxRteJCkZ857Mr1NRUgChZE85GvloRG4gp2XH5psv6jQ%25gEt2YDafv0ajmqn12WFDyLOEjPpqTJIsDUML3uBrqMBJdSeZL0juzVMRJpmSkNh5EkTVA0ogsU3NF4HvrGA0Kc%252Zq84WxfjRifcP81D5wmxbUEqgtd89GsLv7kUiprJ2xBGw6Zuj8ZptYRSDUW67m5Vd49YCygNzK7mlTv0knGyX324AOfTQdjcFIE3azDxKrCdnkq8WZRzOALUPWukIFJGbfrABKup9C1FeWS6ibUKMPVY1w5WhbNmEpNPo90ysIIbHi4TrD99%25wc3Z8SiftxdRUWw178z7QWtECUkCKP7slGAlS4CrXpFX2ulZQ6KQPxXRaYWaZN,Touring-M3,BMW,M3 Touring,Wagon,Petrol,Inline-6,3.0,,503,650,Automatic,8,AWD,3.6,290,4801,1903,1446,2857,1865,5,59.0,500,19,275/35R19,Strut,Multi-link,Vented Disc,Vented Disc,M3,Wagon,Touring,Performance,Partial
Kabriolet,,Z4,Od 252 500 zł,https://prod.cosy.bmw.cloud/bmwweb/cosySec?COSY-EU-100-7331cqgv2Z7d%25i02uCaY3MuO2kdGmT35sgXAyuXM10tfnZ1oEiyCIbH8aGDmIqQmSTKL6ifG70qbX0x1RCzPhe00PlUyXqcfbYZ9Whc91kUrOpTSXB3GZ5gscCZ6B4Mrt3mFILoub0TmvayRCzjlCO2kOHUtWPfbYf6JQx10tq3D%25eqxWAbbH82LARzL1b%25IC672yzH3OYgMTNIcQmlD9Uwmu1R7Gq3A89RbfKYmUrOpQhRVAfoUMA8ZobMsayjnt61agOybyMmnvIT9TWcO2B3i3P8IjedwdQNBDMztzageqhk7knDMLoACAOThJHFlFJfou%25KXKrFHSfWQWOB%25V1PaPIGfNEbnbB110s9O9ebE4riIiuoscZwBwSmrxRtetVNZ857M7sARUgChCbY5GvloMqdgp2XHhLzv6jQ%25ohp2YDafHo6jmqn1%2558DyLOEfgUqTJIs1TpL3uBrE4MJdSeZschuzVMRr4gSkNh5ZzTVA0ogRkZNF4Hv5xQ0Kc%252ymH4Wxfj0WucP81D4kxxbUEqcaX89GsLx7MUiprJ8XMGw6ZujTPptYRSD3w67m5VqJbYCygNLCimlTv0JAwyX324uFlTQdjcSth3azDxKK5dnkq8WW4zOALUPP8kIFJGbxyABKup98aFeWS6iURKMPVYwGaWhbNmthTPo90y7CwbHi4TCly9%25wc3lXTiftxdXAhw178zQFutECUkaoX7slGAnHjCrXpFOV9lZQ6KINgXRaYWB0vQ5nmPe4YagOybMVsnvIT9JWrO2B3iuPlIjedwSbBBDMztV9eeqhk7NnHMLoAC0LhhJHFl4J6ou%25KXcjjHSfWQxDD%25V1Pa8TSfNEbnERG10s9OsoDE4riIrvcscZwBZ2ErxRteRo%25Z857M5HRRUgChg%25A5Gvlov4jgp2XH2czv6jQ%25jxh2YDafD9Zjmqn1qifDyLOELw7qTJIsJtKL3uBrz0vJdSeZkEpuzVMRADlSkNh5F8zVA0ogKUA,Kabriolet-Z4,BMW,Z4,Convertible,Petrol,Inline-6,3.0,,382,500,Automatic,8,RWD,4.5,250,4324,1864,1304,2470,1610,2,52.0,281,19,255/35R19,Strut,Multi-link,Vented Disc,Vented Disc,Z4,Sedan,Base,Passenger,Partial
Kabriolet,,Z4,Od 347 500 zł,https://prod.cosy.bmw.cloud/bmwweb/cosySec?COSY-EU-100-7331cqgv2Z7d%25i02uCaY3MuO2kdGmT35sgXAyuBM10tfnZ1oEiyCIbH8aGDmIqQmSTKL6ifG70qbX0x1RCzPhe00PlUyXqcfbYZ9Whc91kUrOpTSXB3GZ5gscCZ6B4Mrt3mFILoub0TmvayRCzjlCO2kOHUtWPfbYf6JQx10tq3D%25eqxWAbbH82LARzL1b%25IC672yzH3OYgMTNIC8mlD9Uwmu1R7Gq3A89RbfKYmUrOpQhRVAfoUMA8ZobMsayjnt61agOIbJg7nvIT9T8WO2B3i3axIjedwd6JBDMztiD5eqhk7wFUMLoACtcGhJHFl7Ljou%25KXC17HSfWQlEm%25V1Pa2ZsfNEbnj2P10s9OD9oE4riIqtRscZwBE%254rxRtesx%25Z857MrNRRUgChZK85GvloRkdgp2XH5Axv6jQ%25gTz2YDafv3ijmqn12u5DyLOEjxDqTJIsHNyL3uBr%253YJdSeZfcmuzVMR1xdSkNh5EyiVA0ogsPmNF4HvUDd0Kc%252Gnb4WxfjpiScP81D6wOxbUEqYtB89GsLmMKUiprJykaGw6ZuTaTptYRSaLP67m5VnJxYCygNOummlTv0IiiyX324BDZTQdjceZi3azDxzK6dnkq8kpYzOALUAZvkIFJGFHrABKupKY1FeWS6WmDKMPVYPegWhbNmbsCPo90y%25Jc,Kabriolet-Z4,BMW,Z4,Convertible,Petrol,Inline-6,3.0,,382,500,Automatic,8,RWD,4.5,250,4324,1864,1304,2470,1610,2,52.0,281,19,255/35R19,Strut,Multi-link,Vented Disc,Vented Disc,Z4,Sedan,Base,Passenger,Partial
SUV,,X7,Od 535 000 zł,https://prod.cosy.bmw.cloud/bmwweb/cosySec?COSY-EU-100-7331cqgv2Z7d%25i02uCaY3MuO2kdGmT35sgXA9bQq10tfnZ1oEiyCIbH8aGDmIqQmSTKL6ifG70qbX0x1RCzPhe00JkyyXqcfbYZ9Whc91kUrOpTSXB3GZ5gscCZ6B4Mrt3mFILoub0TmvayRCzjlCO2kOHUtWPfbYfFd1v10tq3D%25eqxWAbbH82LARzL1b%25IC672yzH3OYgMTNIcmmlD9Uwmu1R7Gq3A89RbfKYmUrOpQhRVAfoUMA8ZobMsayjnt61agOybyxKnvIT9T8lO2B3i3axIjedwduZBDMztiD5eqhk7wXMMLoACtcGhJHFl7Ltou%25KXC17HSfWQlEW%25V1Pa2ZsfNEbnjhr10s9ODo6E4riIqH0scZwBLGYrxRteJESZ857MulIRUgChZD75GvloReCgp2XH5MGv6jQ%25gZk2YDafvR6jmqn12VbDyLOEjZKqTJIsDRzL3uBrqAVJdSeZL%25tuzVMRJfsSkNh5uHVVA0ogSx5NF4HvVAo0Kc%252Ny04WxfjR6KcP81D5w1xbUEqgty89GsLv79UiprJ2CAGw6Zujl5ptYRSDUH67m5Vd49YCygNzaUmlTv0kn%25yX324AO1TQdjcFs73azDxKe6dnkq8WKJzOALUP%25skIFJGb7fABKup9CIFeWS6fmlKMPVYPwdWhbNmb3rPo90y9QIbHi4Tir29%25wc3wz5iftxdtkVw178z7CvtECUkClz7slGAZ9CCrXpFqtllZQ6KLAw,SUV-X7,BMW,X7,SUV,Diesel,Inline-6,3.0,,352,700,Automatic,8,AWD,5.9,245,5181,2000,1835,3105,2490,7,80.0,750,21,285/45R21,Double Wishbone,Multi-link,Vented Disc,Vented Disc,X7,SUV,Base,SUV,Partial
SUV,,X7,Od 535 000 zł,https://prod.cosy.bmw.cloud/bmwweb/cosySec?COSY-EU-100-7331cqgv2Z7d%25i02uCaY3MuO2kdGmT35sgXA9bQq10tfnZ1oEiyCIbH8aGDmIqQmSTKL6ifG70qbX0x1RCzPhe00JkyyXqcfbYZ9Whc91kUrOpTSXB3GZ5gscCZ6B4Mrt3mFILoub0TmvayRCzjlCO2kOHUtWPfbYfFd1v10tq3D%25eqxWAbbH82LARzL1b%25IC672yzH3OYgMTNIcmmlD9Uwmu1R7Gq3A89RbfKYmUrOpQhRVAfoUMA8ZobMsayjnt61agOybyxKnvIT9T8lO2B3i3axIjedwduZBDMztiD5eqhk7wXMMLoACtcGhJHFl7Ltou%25KXC17HSfWQlEW%25V1Pa2ZsfNEbnjhr10s9ODo6E4riIqH0scZwBLGYrxRteJESZ857MulIRUgChZD75GvloReCgp2XH5MGv6jQ%25gZk2YDafvR6jmqn12VbDyLOEjZKqTJIsDRzL3uBrqAVJdSeZL%25tuzVMRJfsSkNh5uHVVA0ogSx5NF4HvVAo0Kc%252Ny04WxfjR6KcP81D5w1xbUEqgty89GsLv79UiprJ2CAGw6Zujl5ptYRSDUH67m5Vd49YCygNzaUmlTv0kn%25yX324AO1TQdjcFs73azDxKe6dnkq8WKJzOALUP%25skIFJGb7fABKup9CIFeWS6fmlKMPVYPwdWhbNmb3rPo90y9QIbHi4Tir29%25wc3wz5iftxdtkVw178z7CvtECUkClz7slGAZ9CCrXpFqtllZQ6KLAw,SUV-X7,BMW,X7,SUV,Petrol,V8,4.4,,523,750,Automatic,8,AWD,4.7,250,5181,2000,1835,3105,2485,7,83.0,750,21,285/45R21,Double Wishbone,Multi-link,Vented Disc,Vented Disc,X7,SUV,Base,SUV,Partial
SUV,,X6,Od 440 000 zł,https://prod.cosy.bmw.cloud/bmwweb/cosySec?COSY-EU-100-7331cqgv2Z7d%25i02uCaY3MuO2kdGmT35sgXAdbQx10tfnZ1oEiyCIbH8aGDmIqQmSTKL6ifG70qbX0x1RCzPhe00JkyyXqcfbYZ9Whc91kUrOpTSXB3GZ5gscCZ6B4Mrt3mFILoub0TmvayRCzjlCO2kOHUtWPfbYfvN7T10tq3D%25eqxWAbbH82LARzL1b%25IC672yzH3OYgMTNIC6mlD9Uwmu1R7Gq3A89RbfKYmUrOpQhRVAfoUMA8ZobMsayjnt61agOybyxKnvIT9T8lO2B3i3axIjedwdkxBDMztzhweqhk7wqgMLoACtcGhJHFl7Ljou%25KXC17HSfWQlEm%25V1PaXsOfNEbnjRr10s9ODoZE4riIq4ascZwBL75rxRteJCkZ857Mr1TRUgChZE85GvloRfigp2XH5Vsv6jQ%25gNp2YDafvKUjmqn12xBDyLOEjD1qTJIsDyyL3uBrqULJdSeZfc3uzVMR1v0SkNh5EWhVA0ogsPGNF4Hvrbm0Kc%252Z9T4WxfjRN2cP81D6JAxbUEqYBw89GsLm70UiprJyCeGw6ZuTlhptYRS3Hb67m5Vd3vYCygNzBomlTv0kPdyX324BVwTQdjceN33azDxM77dnkq8hrzzOALUouvkIFJGFbyABKupKmTFeWS6WgDKMPVYP15WhbNmbTrPo90y93JbHi4Tioj9%25wc3wRTiftxdEWw,SUV-X6,BMW,X6,SUV,Petrol,Inline-6,3.0,,375,520,Automatic,8,AWD,5.4,250,4948,2004,1696,2975,2245,5,83.0,580,20,275/45R20,Double Wishbone,Multi-link,Vented Disc,Vented Disc,X6,SUV,Base,SUV,Partial
SUV,,X6,Od 440 000 zł,https://prod.cosy.bmw.cloud/bmwweb/cosySec?COSY-EU-100-7331cqgv2Z7d%25i02uCaY3MuO2kdGmT35sgXAdbQx10tfnZ1oEiyCIbH8aGDmIqQmSTKL6ifG70qbX0x1RCzPhe00JkyyXqcfbYZ9Whc91kUrOpTSXB3GZ5gscCZ6B4Mrt3mFILoub0TmvayRCzjlCO2kOHUtWPfbYfvN7T10tq3D%25eqxWAbbH82LARzL1b%25IC672yzH3OYgMTNIC6mlD9Uwmu1R7Gq3A89RbfKYmUrOpQhRVAfoUMA8ZobMsayjnt61agOybyxKnvIT9T8lO2B3i3axIjedwdkxBDMztzhweqhk7wqgMLoACtcGhJHFl7Ljou%25KXC17HSfWQlEm%25V1PaXsOfNEbnjRr10s9ODoZE4riIq4ascZwBL75rxRteJCkZ857Mr1TRUgChZE85GvloRfigp2XH5Vsv6jQ%25gNp2YDafvKUjmqn12xBDyLOEjD1qTJIsDyyL3uBrqULJdSeZfc3uzVMR1v0SkNh5EWhVA0ogsPGNF4Hvrbm0Kc%252Z9T4WxfjRN2cP81D6JAxbUEqYBw89GsLm70UiprJyCeGw6ZuTlhptYRS3Hb67m5Vd3vYCygNzBomlTv0kPdyX324BVwTQdjceN33azDxM77dnkq8hrzzOALUouvkIFJGFbyABKupKmTFeWS6WgDKMPVYP15WhbNmbTrPo90y93JbHi4Tioj9%25wc3wRTiftxdEWw,SUV-X6,BMW,X6,SUV,Diesel,Inline-6,3.0,,298,670,Automatic,8,AWD,6.1,233,4948,2004,1696,2975,2265,5,80.0,580,20,275/45R20,Double Wishbone,Multi-link,Vented Disc,Vented Disc,X6,SUV,Base,SUV,Partial
SUV,,X5,Od 410 000 zł,https://prod.cosy.bmw.cloud/bmwweb/cosySec?COSY-EU-100-7331cqgv2Z7d%25i02uCaY3MuO2kdGmT35sgXA9bQN10tfnZ1oEiyCIbH8aGDmIqQmSTKL6ifG70qbX0x1RCzPhe00JkyyXqcfbYZ9Whc91kUrOpTSXB3GZ5gscCZ6B4Mrt3mFILoub0TmvayRCzjlCO2kOHUtWPfbYfQJ7T10tq3D%25eqxWAbbH82LARzL1b%25IC672yzH3OYgMTNIkfmlD9Uwmu1R7Gq3A89RbfKYmUrOpQhRVAfoUMA8ZobMsayjnt61agOybyJmnvIT9PS4O2B3ibvRIjedw9hbBDMztioCeqhk7wHeMLoACRO%25hJHFl5Ixou%25KXg0KHSfWQv48%25V1Pa2oDfNEbnjQp10s9Of5bE4riI1aYscZwBEnirxRtesOcZ857Mr1TRUgChZE85GvloRLFgp2XH51zv6jQ%25gEy2YDafv3Ljmqn12vaDyLOEjk0qTJIsDoiL3uBrqH1JdSeZLhuuzVMRJ4sSkNh5ucRVA0ogSkhNF4HvrFP0Kc%252Zq84WxfjRiWcP81D50BxbUEqYeF89GsLmCNUiprJymRGw6ZuTneptYRS3FO67m5VdKtYCygNO4W,SUV-X5,BMW,X5,SUV,Diesel,Inline-6,3.0,,298,670,Automatic,8,AWD,6.1,233,4935,2004,1765,2975,2245,5,80.0,650,20,275/45R20,Double Wishbone,Multi-link,Vented Disc,Vented Disc,X5,SUV,Base,SUV,Partial
SUV,,X5,Od 410 000 zł,https://prod.cosy.bmw.cloud/bmwweb/cosySec?COSY-EU-100-7331cqgv2Z7d%25i02uCaY3MuO2kdGmT35sgXA9bQN10tfnZ1oEiyCIbH8aGDmIqQmSTKL6ifG70qbX0x1RCzPhe00JkyyXqcfbYZ9Whc91kUrOpTSXB3GZ5gscCZ6B4Mrt3mFILoub0TmvayRCzjlCO2kOHUtWPfbYfQJ7T10tq3D%25eqxWAbbH82LARzL1b%25IC672yzH3OYgMTNIkfmlD9Uwmu1R7Gq3A89RbfKYmUrOpQhRVAfoUMA8ZobMsayjnt61agOybyJmnvIT9PS4O2B3ibvRIjedw9hbBDMztioCeqhk7wHeMLoACRO%25hJHFl5Ixou%25KXg0KHSfWQv48%25V1Pa2oDfNEbnjQp10s9Of5bE4riI1aYscZwBEnirxRtesOcZ857Mr1TRUgChZE85GvloRLFgp2XH51zv6jQ%25gEy2YDafv3Ljmqn12vaDyLOEjk0qTJIsDoiL3uBrqH1JdSeZLhuuzVMRJ4sSkNh5ucRVA0ogSkhNF4HvrFP0Kc%252Zq84WxfjRiWcP81D50BxbUEqYeF89GsLmCNUiprJymRGw6ZuTneptYRS3FO67m5VdKtYCygNO4W,SUV-X5,BMW,X5,SUV,Plug-in Hybrid,Inline-6,3.0,25.7,483,700,Automatic,8,AWD,4.8,250,4935,2004,1765,2975,2445,5,69.0,500,20,275/45R20,Double Wishbone,Multi-link,Vented Disc,Vented Disc,X5,SUV,Base,SUV,Partial
SUV,,X5,Od 410 000 zł,https://prod.cosy.bmw.cloud/bmwweb/cosySec?COSY-EU-100-7331cqgv2Z7d%25i02uCaY3MuO2kdGmT35sgXA9bQN10tfnZ1oEiyCIbH8aGDmIqQmSTKL6ifG70qbX0x1RCzPhe00JkyyXqcfbYZ9Whc91kUrOpTSXB3GZ5gscCZ6B4Mrt3mFILoub0TmvayRCzjlCO2kOHUtWPfbYfQJ7T10tq3D%25eqxWAbbH82LARzL1b%25IC672yzH3OYgMTNIkfmlD9Uwmu1R7Gq3A89RbfKYmUrOpQhRVAfoUMA8ZobMsayjnt61agOybyJmnvIT9PS4O2B3ibvRIjedw9hbBDMztioCeqhk7wHeMLoACRO%25hJHFl5Ixou%25KXg0KHSfWQv48%25V1Pa2oDfNEbnjQp10s9Of5bE4riI1aYscZwBEnirxRtesOcZ857Mr1TRUgChZE85GvloRLFgp2XH51zv6jQ%25gEy2YDafv3Ljmqn12vaDyLOEjk0qTJIsDoiL3uBrqH1JdSeZLhuuzVMRJ4sSkNh5ucRVA0ogSkhNF4HvrFP0Kc%252Zq84WxfjRiWcP81D50BxbUEqYeF89GsLmCNUiprJymRGw6ZuTneptYRS3FO67m5VdKtYCygNO4W,SUV-X5,BMW,X5,SUV,Petrol,Inline-6,3.0,,375,520,Automatic,8,AWD,5.3,250,4935,2004,1765,2975,2230,5,83.0,650,20,275/45R20,Double Wishbone,Multi-link,Vented Disc,Vented Disc,X5,SUV,Base,SUV,Partial
SUV,,X4,,https://prod.cosy.bmw.cloud/bmwweb/cosySec?COSY-EU-100-7331cqgv2Z7d%25i02uCaY3MuO2kdGmT35sgXAdbHG10tfnZ1oEiyCIbH8aGDmIqQmSTKL6ifGzqIbVBnvzBLlFSrWwmfRtKV04uzHVPRdgSht9QZp2YI3w9cEiNHC8%25HrxlrjFhnOqIbqcau7L3hGtUD5GknXIIjAxpXNCpLIDZHPoxiCjtrb4gwTZlL9%25UBFM9YLNoKGtXABNIqab9FSrW1vNyXq2FgXAXHXbMv6jQ%25Q9Z2YDafagbjmqn1nJADyLOEfyGqTJIs1WiL3uBrET2JdSeZsNEuzVMRpzeSkNh5uqiVA0ogSLkNF4HvVF30Kc%252NKJ4Wxfj0yucP81D4QlxbUEqcaF89GsLxlAUiprJ8m4Gw6ZuUAGptYRSDtb67m5VqztYCygNLc3mlTv0JnvyX324uY%25TQdjcSm43azDxKGCdnkq8WemzOALUPMrkIFJGbhRABKup9gaFeWS6ilbKMPVYwX0WhbNmtstPo90ys7BbHi4TrYB9%25wc3ZmiiftxdRMMw178z5JttECUkCaP7slGAlWbCrXpFXVclZQ6KQjSXRaYWab8Q5nmPnR0agOybOJynvIT9jlO,SUV-X4,BMW,X4,SUV,Petrol,Inline-4,2.0,,248,350,Automatic,8,AWD,6.4,235,4751,1918,1621,2864,1895,5,65.0,525,19,245/50R19,Strut,Multi-link,Vented Disc,Vented Disc,X4,SUV,Base,SUV,Partial
SUV,,X4,,https://prod.cosy.bmw.cloud/bmwweb/cosySec?COSY-EU-100-7331cqgv2Z7d%25i02uCaY3MuO2kdGmT35sgXAdbHG10tfnZ1oEiyCIbH8aGDmIqQmSTKL6ifGzqIbVBnvzBLlFSrWwmfRtKV04uzHVPRdgSht9QZp2YI3w9cEiNHC8%25HrxlrjFhnOqIbqcau7L3hGtUD5GknXIIjAxpXNCpLIDZHPoxiCjtrb4gwTZlL9%25UBFM9YLNoKGtXABNIqab9FSrW1vNyXq2FgXAXHXbMv6jQ%25Q9Z2YDafagbjmqn1nJADyLOEfyGqTJIs1WiL3uBrET2JdSeZsNEuzVMRpzeSkNh5uqiVA0ogSLkNF4HvVF30Kc%252NKJ4Wxfj0yucP81D4QlxbUEqcaF89GsLxlAUiprJ8m4Gw6ZuUAGptYRSDtb67m5VqztYCygNLc3mlTv0JnvyX324uY%25TQdjcSm43azDxKGCdnkq8WemzOALUPMrkIFJGbhRABKup9gaFeWS6ilbKMPVYwX0WhbNmtstPo90ys7BbHi4TrYB9%25wc3ZmiiftxdRMMw178z5JttECUkCaP7slGAlWbCrXpFXVclZQ6KQjSXRaYWab8Q5nmPnR0agOybOJynvIT9jlO,SUV-X4,BMW,X4,SUV,Diesel,Inline-4,2.0,,190,400,Automatic,8,AWD,7.9,213,4751,1918,1621,2864,1890,5,65.0,525,19,245/50R19,Strut,Multi-link,Vented Disc,Vented Disc,X4,SUV,Base,SUV,Partial
SUV,Nowe,X3,Od 273 500 zł,https://prod.cosy.bmw.cloud/bmwweb/cosySec?COSY-EU-100-7331cqgv2Z7d%25i02uCaY3MuO2kdGmT35sgXAdbDf10tfnZ1oEiyCIbH8aGDmIqQmSTKL6ifG70qbX0x1RCzPhe00JkyyXqcfbYZ9Whc91kUrOpTSXB3GZ5gscCZ6B4Mrt3mFILoub0TmvayRCzjlCO2kOHUtWPfbYfv2sd10tq3D%25eqxWAbbH82LARzL1b%25IC672yzH3OYgMTNIcomlD9Uwmu1R7Gq3A89RbfKYmUrOpQhRVAfoUMA8ewBwAnrxRsOEOtgqTJDfjfI4cP84v0v6%25yX3mVYpzsWhbKpFkr%25lZQCk7w1DMLoewBO4%25rxRsOEfu%25qTJDfjvUYcP84v0PkdyX3mVYXznWhbKpFhialZQCk7ZqzMLoewBL1FrxRsOExhDqTJDfjTEucP84v0YkdyX3mVYFGsWhbKpF7zGlZQCk7BnDMLoewBEcArxRsOEjyBqTJDfj0yucP84v0YWCyX3mVYFZOWhbKpF7vBlZQCk7BVEMLoewBEXdrxRsOEjSDqTJDfj0T4cP84v0JlwyX3mVY8teWhbKpF3PalZQCk7bS0MLoewBQGArxRsOEo2UqTJDfjpLkcP84v0kWCyX3mVYw%25zWhbKpFOgSlZQCk7f%25FMLoewBvmdrxRsOEVxKqTJDfjtpkcP84v0ISiyX3mVY1nnWhbKpF2VllZQCk7Nw6MLoewBZhHrxRsOELwlqTJDfjxvgcP84v0TIHyX3mVYPysWhbKpFXWclZQCk7hDGMLoewBZYwrxRsOE3V5qTJDfjbSccP84v0QhUyX3mVYo%25wWhbKpFRgOlZQCk7JDaMLoewB845rxRsOE3m9qTJDfjbKgcP84vAJ1HyX3mVtPwdWhbKpIMQNlZQ6Bjnk,SUV-X3,BMW,X3,SUV,Petrol,Inline-4,2.0,,248,350,Automatic,8,AWD,6.3,235,4708,1891,1676,2864,1890,5,65.0,550,19,245/50R19,Double Joint Spring,Multi-link,Vented Disc,Vented Disc,X3,SUV,Base,SUV,Partial
SUV,Nowe,X3,Od 273 500 zł,https://prod.cosy.bmw.cloud/bmwweb/cosySec?COSY-EU-100-7331cqgv2Z7d%25i02uCaY3MuO2kdGmT35sgXAdbDf10tfnZ1oEiyCIbH8aGDmIqQmSTKL6ifG70qbX0x1RCzPhe00JkyyXqcfbYZ9Whc91kUrOpTSXB3GZ5gscCZ6B4Mrt3mFILoub0TmvayRCzjlCO2kOHUtWPfbYfv2sd10tq3D%25eqxWAbbH82LARzL1b%25IC672yzH3OYgMTNIcomlD9Uwmu1R7Gq3A89RbfKYmUrOpQhRVAfoUMA8ewBwAnrxRsOEOtgqTJDfjfI4cP84v0v6%25yX3mVYpzsWhbKpFkr%25lZQCk7w1DMLoewBO4%25rxRsOEfu%25qTJDfjvUYcP84v0PkdyX3mVYXznWhbKpFhialZQCk7ZqzMLoewBL1FrxRsOExhDqTJDfjTEucP84v0YkdyX3mVYFGsWhbKpF7zGlZQCk7BnDMLoewBEcArxRsOEjyBqTJDfj0yucP84v0YWCyX3mVYFZOWhbKpF7vBlZQCk7BVEMLoewBEXdrxRsOEjSDqTJDfj0T4cP84v0JlwyX3mVY8teWhbKpF3PalZQCk7bS0MLoewBQGArxRsOEo2UqTJDfjpLkcP84v0kWCyX3mVYw%25zWhbKpFOgSlZQCk7f%25FMLoewBvmdrxRsOEVxKqTJDfjtpkcP84v0ISiyX3mVY1nnWhbKpF2VllZQCk7Nw6MLoewBZhHrxRsOELwlqTJDfjxvgcP84v0TIHyX3mVYPysWhbKpFXWclZQCk7hDGMLoewBZYwrxRsOE3V5qTJDfjbSccP84v0QhUyX3mVYo%25wWhbKpFRgOlZQCk7JDaMLoewB845rxRsOE3m9qTJDfjbKgcP84vAJ1HyX3mVtPwdWhbKpIMQNlZQ6Bjnk,SUV-X3,BMW,X3,SUV,Plug-in Hybrid,Inline-4,2.0,19.7,292,420,Automatic,8,AWD,6.1,210,4708,1891,1676,2864,2065,5,50.0,450,19,245/50R19,Strut,Multi-link,Vented Disc,Vented Disc,X3,SUV,Base,SUV,Full
SUV,Nowe,X3,Od 273 500 zł,https://prod.cosy.bmw.cloud/bmwweb/cosySec?COSY-EU-100-7331cqgv2Z7d%25i02uCaY3MuO2kdGmT35sgXAdbDf10tfnZ1oEiyCIbH8aGDmIqQmSTKL6ifG70qbX0x1RCzPhe00JkyyXqcfbYZ9Whc91kUrOpTSXB3GZ5gscCZ6B4Mrt3mFILoub0TmvayRCzjlCO2kOHUtWPfbYfv2sd10tq3D%25eqxWAbbH82LARzL1b%25IC672yzH3OYgMTNIcomlD9Uwmu1R7Gq3A89RbfKYmUrOpQhRVAfoUMA8ewBwAnrxRsOEOtgqTJDfjfI4cP84v0v6%25yX3mVYpzsWhbKpFkr%25lZQCk7w1DMLoewBO4%25rxRsOEfu%25qTJDfjvUYcP84v0PkdyX3mVYXznWhbKpFhialZQCk7ZqzMLoewBL1FrxRsOExhDqTJDfjTEucP84v0YkdyX3mVYFGsWhbKpF7zGlZQCk7BnDMLoewBEcArxRsOEjyBqTJDfj0yucP84v0YWCyX3mVYFZOWhbKpF7vBlZQCk7BVEMLoewBEXdrxRsOEjSDqTJDfj0T4cP84v0JlwyX3mVY8teWhbKpF3PalZQCk7bS0MLoewBQGArxRsOEo2UqTJDfjpLkcP84v0kWCyX3mVYw%25zWhbKpFOgSlZQCk7f%25FMLoewBvmdrxRsOEVxKqTJDfjtpkcP84v0ISiyX3mVY1nnWhbKpF2VllZQCk7Nw6MLoewBZhHrxRsOELwlqTJDfjxvgcP84v0TIHyX3mVYPysWhbKpFXWclZQCk7hDGMLoewBZYwrxRsOE3V5qTJDfjbSccP84v0QhUyX3mVYo%25wWhbKpFRgOlZQCk7JDaMLoewB845rxRsOE3m9qTJDfjbKgcP84vAJ1HyX3mVtPwdWhbKpIMQNlZQ6Bjnk,SUV-X3,BMW,X3,SUV,Diesel,Inline-4,2.0,,190,400,Automatic,8,AWD,7.9,213,4708,1891,1676,2864,1885,5,65.0,550,19,245/50R19,Strut,Multi-link,Vented Disc,Vented Disc,X3,SUV,Base,SUV,Partial
SUV,,X2,Od 218 500 zł,https://prod.cosy.bmw.cloud/bmwweb/cosySec?COSY-EU-100-7331cqgv2Z7d%25i02uCaY3MuO2kdGmT35sgXAsbDq10tfnZ1oEiyCIbH8aGDmIqQmSTKL6ifG70qbX0x1RCzPhe00JkyyXqcfbYZ9Whc91kUrOpTSXB3GZ5gscCZ6B4Mrt3mFILoub0TmvayRCzjlCO2kOHUtWPfbYfvsix10tq3D%25eqxWAbbH82LARzL1b%25IC672yzH3OYgMTNIcamlD9Uwmu1R7Gq3A89RbfKYmUrOpQhRVAfoUMA8ACABphJHFl7xpou%25KXCJYHSfWQvCU%25V1Pa2MsfNEbnjUy10s9Of0JE4riI14oscZwBEk4rxRtesL%25Z857MrubRUgChZ215GvloILUgp2XHB1Dv6jQ%25eTQ2YDafMg%25jmqn1SrGDyLOEVzgqTJIsNktL3uBr0NMJdSeZWYYuzVMRPr6SkNh5N2D,SUV-X2,BMW,X2,SUV,Petrol,Inline-4,2.0,,241,400,Automatic,7,AWD,6.3,240,4554,1845,1590,2692,1730,5,54.0,470,19,245/45R19,Strut,Multi-link,Vented Disc,Vented Disc,X2,SUV,Base,SUV,Partial
SUV,,X2,Od 218 500 zł,https://prod.cosy.bmw.cloud/bmwweb/cosySec?COSY-EU-100-7331cqgv2Z7d%25i02uCaY3MuO2kdGmT35sgXAsbDq10tfnZ1oEiyCIbH8aGDmIqQmSTKL6ifG70qbX0x1RCzPhe00JkyyXqcfbYZ9Whc91kUrOpTSXB3GZ5gscCZ6B4Mrt3mFILoub0TmvayRCzjlCO2kOHUtWPfbYfvsix10tq3D%25eqxWAbbH82LARzL1b%25IC672yzH3OYgMTNIcamlD9Uwmu1R7Gq3A89RbfKYmUrOpQhRVAfoUMA8ACABphJHFl7xpou%25KXCJYHSfWQvCU%25V1Pa2MsfNEbnjUy10s9Of0JE4riI14oscZwBEk4rxRtesL%25Z857MrubRUgChZ215GvloILUgp2XHB1Dv6jQ%25eTQ2YDafMg%25jmqn1SrGDyLOEVzgqTJIsNktL3uBr0NMJdSeZWYYuzVMRPr6SkNh5N2D,SUV-X2,BMW,X2,SUV,Diesel,Inline-4,2.0,,150,350,Automatic,8,FWD/AWD,8.3,210,4554,1845,1590,2692,1675,5,51.0,470,18,225/50R18,Strut,Multi-link,Vented Disc,Vented Disc,X2,SUV,Base,SUV,Partial
SUV,,X1,Od 209 500 zł,https://prod.cosy.bmw.cloud/bmwweb/cosySec?COSY-EU-100-7331cqgv2Z7d%25i02uCaY3MuO2kdGmT35sgXAHbQh10tfnZ1oEiyCIbH8aGDmIqQmSTKL6ifG70qbX0x1RCzPhe00JkyyXqcfbYZ9Whc91kUrOpTSXB3GZ5gscCZ6B4Mrt3mFILoub0TmvayRCzjlCO2kOHUtWPfbYf6Jdi10tq3D%25eqxWAbbH82LARzL1b%25IC672yzH3OYgMTNI%25YmlD9Uwmu1R7Gq3A89RbfKYmUrOpQhRVAfoUMA8ZobMsayjnt61agOybyxKnvIT9T8lO2B3i3axIjedwd9jBDMztiD5eqhk7w1DMLoACtcGhJHFl7L6ou%25KXC17HSfWQlEW%25V1PaXsNfNEbnjRr10s9ODoZE4riIqU6scZwBL7nrxRtes2gZ857MrITRUgChZE85GvloRG4gp2XH5psv6jQ%25gE22YDafvs7jmqn12iYDyLOEjc5qTJIsDb6L3uBrqAWJdSeZL0JuzVMRJ4XSkNh5E8zVA0ogsjcNF4HvrbH0Kc%252Z9K4WxfjRi3cP81D50zxbUEqY2A89GsLmjFUiprJyVWGw6ZuTNPptYRS3ob67m5VdH9YCygNzaUmlTv0kn%25yX324AO1TQdjcFs73azDxKrZdnkq8WKJzOALUP%25skIFJGb7fABKup%25UgFeWS6fcvKMPVYPwdWhbNmb3zPo90y9jJbHi4TimY9%25wc3wZjiftxdtkgw178z7ANtECUkC1J7slGAZnbCrXpFRillZQ6K5rX,SUV-X1,BMW,X1,SUV,Plug-in Hybrid,Inline-3,1.5,16.3,245,385,Automatic,7,AWD,6.8,205,4500,1845,1642,2692,1940,5,47.0,490,18,225/55R18,Strut,Multi-link,Vented Disc,Vented Disc,X1,SUV,Base,SUV,Partial
SUV,,X1,Od 209 500 zł,https://prod.cosy.bmw.cloud/bmwweb/cosySec?COSY-EU-100-7331cqgv2Z7d%25i02uCaY3MuO2kdGmT35sgXAHbQh10tfnZ1oEiyCIbH8aGDmIqQmSTKL6ifG70qbX0x1RCzPhe00JkyyXqcfbYZ9Whc91kUrOpTSXB3GZ5gscCZ6B4Mrt3mFILoub0TmvayRCzjlCO2kOHUtWPfbYf6Jdi10tq3D%25eqxWAbbH82LARzL1b%25IC672yzH3OYgMTNI%25YmlD9Uwmu1R7Gq3A89RbfKYmUrOpQhRVAfoUMA8ZobMsayjnt61agOybyxKnvIT9T8lO2B3i3axIjedwd9jBDMztiD5eqhk7w1DMLoACtcGhJHFl7L6ou%25KXC17HSfWQlEW%25V1PaXsNfNEbnjRr10s9ODoZE4riIqU6scZwBL7nrxRtes2gZ857MrITRUgChZE85GvloRG4gp2XH5psv6jQ%25gE22YDafvs7jmqn12iYDyLOEjc5qTJIsDb6L3uBrqAWJdSeZL0JuzVMRJ4XSkNh5E8zVA0ogsjcNF4HvrbH0Kc%252Z9K4WxfjRi3cP81D50zxbUEqY2A89GsLmjFUiprJyVWGw6ZuTNPptYRS3ob67m5VdH9YCygNzaUmlTv0kn%25yX324AO1TQdjcFs73azDxKrZdnkq8WKJzOALUP%25skIFJGb7fABKup%25UgFeWS6fcvKMPVYPwdWhbNmb3zPo90y9jJbHi4TimY9%25wc3wZjiftxdtkgw178z7ANtECUkC1J7slGAZnbCrXpFRillZQ6K5rX,SUV-X1,BMW,X1,SUV,Petrol,Inline-3,1.5,,134,220,Automatic,7,FWD,9.2,208,4500,1845,1642,2692,1520,5,54.0,540,18,225/55R18,Strut,Multi-link,Vented Disc,Vented Disc,X1,SUV,Base,SUV,Partial
SUV,,X1,Od 209 500 zł,https://prod.cosy.bmw.cloud/bmwweb/cosySec?COSY-EU-100-7331cqgv2Z7d%25i02uCaY3MuO2kdGmT35sgXAHbQh10tfnZ1oEiyCIbH8aGDmIqQmSTKL6ifG70qbX0x1RCzPhe00JkyyXqcfbYZ9Whc91kUrOpTSXB3GZ5gscCZ6B4Mrt3mFILoub0TmvayRCzjlCO2kOHUtWPfbYf6Jdi10tq3D%25eqxWAbbH82LARzL1b%25IC672yzH3OYgMTNI%25YmlD9Uwmu1R7Gq3A89RbfKYmUrOpQhRVAfoUMA8ZobMsayjnt61agOybyxKnvIT9T8lO2B3i3axIjedwd9jBDMztiD5eqhk7w1DMLoACtcGhJHFl7L6ou%25KXC17HSfWQlEW%25V1PaXsNfNEbnjRr10s9ODoZE4riIqU6scZwBL7nrxRtes2gZ857MrITRUgChZE85GvloRG4gp2XH5psv6jQ%25gE22YDafvs7jmqn12iYDyLOEjc5qTJIsDb6L3uBrqAWJdSeZL0JuzVMRJ4XSkNh5E8zVA0ogsjcNF4HvrbH0Kc%252Z9K4WxfjRi3cP81D50zxbUEqY2A89GsLmjFUiprJyVWGw6ZuTNPptYRS3ob67m5VdH9YCygNzaUmlTv0kn%25yX324AO1TQdjcFs73azDxKrZdnkq8WKJzOALUP%25skIFJGb7fABKup%25UgFeWS6fcvKMPVYPwdWhbNmb3zPo90y9jJbHi4TimY9%25wc3wZjiftxdtkgw178z7ANtECUkC1J7slGAZnbCrXpFRillZQ6K5rX,SUV-X1,BMW,X1,SUV,Diesel,Inline-4,2.0,,150,360,Automatic,8,FWD/AWD,8.9,208,4500,1845,1642,2692,1600,5,54.0,540,18,225/55R18,Strut,Multi-link,Vented Disc,Vented Disc,X1,SUV,Base,SUV,Partial
